question,document_id,primary_topic,secondary_topic,weight_1,weight_2,weight_3,weight_4,weight_5,weight_6,weight_7
Q14,D0001,"Hybrid roles, tanking, and damage",Class identity and distinctiveness,0.013687564925356428,0.0,0.0,0.0,0.0,0.0,0.0
Q14,D0002,APM and skill expression,Engaging active rotation,0.0,0.0,0.30234530781388397,0.0,0.0,0.00013168807643260518,0.0
Q14,D0003,Energy waiting and downtime,Engaging active rotation,0.0,0.0,0.0,0.0,0.07884235321814484,0.009637118290204109,0.0
Q14,D0004,APM and skill expression,Engaging active rotation,0.0,0.0,0.1482076594745055,0.0,0.0,0.06935969894958878,0.0
Q14,D0005,"Hybrid roles, tanking, and damage",Class identity and distinctiveness,0.02903295488628907,0.0,0.0,0.0,0.0,0.0,0.0
Q14,D0006,"Hybrid roles, tanking, and damage",Engaging active rotation,0.07374890016105322,0.0,0.0,0.0,0.0,0.0302375916972203,0.0
Q14,D0007,Engaging active rotation,Class identity and distinctiveness,0.0,0.0,0.0,0.0,0.0,0.2132249180072967,0.0
Q14,D0008,"Hybrid roles, tanking, and damage",Class identity and distinctiveness,0.12555930051894773,0.0,0.0,0.0,0.0,0.0,0.0
Q14,D0009,Energy waiting and downtime,Slow or boring rotation,0.0,0.0,0.0,0.05281540361523878,0.08130007818599642,0.033157165146750836,0.0
Q14,D0010,"Hybrid roles, tanking, and damage","Powershifting, engagement, and identity",0.04774642957286745,0.03153794418675579,0.0,0.0,0.0,0.0,0.0
Q14,D0011,"Hybrid roles, tanking, and damage",Engaging active rotation,0.0,0.0,0.0,0.0,0.0,0.0,0.0
Q14,D0012,Energy waiting and downtime,Class identity and distinctiveness,0.0,0.0,0.0,0.0,0.01684159312959967,0.0,0.0
Q14,D0013,"Hybrid roles, tanking, and damage",Class identity and distinctiveness,0.10511087404083463,0.0,0.0,0.0,0.0,0.0,0.0
Q14,D0014,"Hybrid roles, tanking, and damage",Class identity and distinctiveness,0.016810168790453703,0.0,0.0,0.0,0.0,0.0,0.0
Q14,D0015,Energy waiting and downtime,"Hybrid roles, tanking, and damage",0.004611309095578189,0.0,0.0,0.0,0.014196873388912176,0.0003953022421295628,0.0001511735740813341
Q14,D0016,"Hybrid roles, tanking, and damage",Class identity and distinctiveness,0.1138632022052612,0.0,0.0,0.0,0.0,0.0,0.0
Q14,D0017,Engaging active rotation,Class identity and distinctiveness,0.0,0.0,0.0,0.0,0.0,0.3504835033177261,0.0
Q14,D0018,"Hybrid roles, tanking, and damage",Class identity and distinctiveness,0.06518979263421858,0.0,0.0,0.0,0.0,0.0,0.0
Q14,D0019,APM and skill expression,Class identity and distinctiveness,0.0,0.0,0.1302114550016802,0.0,0.0,0.0,0.0
Q14,D0020,"Powershifting, engagement, and identity",Engaging active rotation,0.0,0.11172104891761024,0.0,0.0,0.0,0.06921120997709346,0.0
Q14,D0021,Energy waiting and downtime,Class identity and distinctiveness,0.0,0.0,0.0,0.0,0.044805342283094476,0.0,0.0
Q14,D0022,APM and skill expression,Class identity and distinctiveness,0.0,0.0,0.10203437954766566,0.0,0.0008164931031718482,0.0,0.01887183003970857
Q14,D0023,"Hybrid roles, tanking, and damage",Class identity and distinctiveness,0.014989599194810388,0.0,0.0,0.0,0.0,0.0,0.0
Q14,D0024,Energy waiting and downtime,Class identity and distinctiveness,0.0,0.0,0.0,0.0,0.006380152356398864,0.0,0.0
Q14,D0025,Engaging active rotation,"Hybrid roles, tanking, and damage",0.00923866880118927,0.0,0.0,0.0,0.0,0.06727095409369414,0.002007939412377221
Q14,D0026,Energy waiting and downtime,Class identity and distinctiveness,0.0,0.0,0.0,0.0,0.06832103070116946,0.0,0.0
Q14,D0027,Energy waiting and downtime,Engaging active rotation,0.0,0.0,0.0,0.0,0.03832211268201433,0.016762504897982436,0.0
Q14,D0028,APM and skill expression,Class identity and distinctiveness,0.0064721557444470945,0.0,0.13811207735201256,0.0,0.002323104290849306,0.004085753824936801,0.03496107495064067
Q14,D0029,APM and skill expression,Class identity and distinctiveness,0.0,0.0,0.1847038626425785,0.0,0.0,0.0,0.0
Q14,D0030,Class identity and distinctiveness,Energy waiting and downtime,0.0044493333285365875,0.0,0.0,0.0,0.013475375404596972,0.0,0.04231804653382015
Q14,D0031,Energy waiting and downtime,Slow or boring rotation,0.0,0.0,0.0,0.03072271370996912,0.05026995644068482,0.0,0.0
Q14,D0032,"Powershifting, engagement, and identity","Hybrid roles, tanking, and damage",0.016156069044799198,0.042926602035272425,0.0,0.0,0.0,0.0,0.0
Q14,D0033,"Powershifting, engagement, and identity",Energy waiting and downtime,0.005380767334579685,0.07574581047648259,0.0,0.0,0.0054336310028438636,0.0,0.0
Q14,D0034,Class identity and distinctiveness,"Hybrid roles, tanking, and damage",0.0036774978247974613,0.0,0.0,0.0,0.0,0.0,0.052934639685424986
Q14,D0035,Class identity and distinctiveness,APM and skill expression,0.0,0.04372408949485385,0.11777632952713012,0.0,0.0,0.09435587390775524,0.12024342483025564
Q14,D0036,Engaging active rotation,"Hybrid roles, tanking, and damage",0.02563533051115704,0.0,0.0,0.0,0.0,0.02948171059728503,0.0
Q14,D0037,APM and skill expression,Class identity and distinctiveness,0.0,0.04716614866920171,0.12368521760368684,0.0,0.0,0.0,0.06322816072654223
Q14,D0038,"Hybrid roles, tanking, and damage",Engaging active rotation,0.0,0.0,0.0,0.0,0.0,0.0,0.0
Q14,D0039,"Hybrid roles, tanking, and damage",Class identity and distinctiveness,0.03055446242695073,0.0,0.0,0.0,0.0,0.0,0.0
Q14,D0040,APM and skill expression,Class identity and distinctiveness,0.0,0.0,0.15996923053223286,0.0,0.0,0.0,0.06465591715298565
Q14,D0041,Energy waiting and downtime,Class identity and distinctiveness,0.0,0.0,0.0,0.0,0.15194227811338437,0.0,0.0
Q14,D0042,"Hybrid roles, tanking, and damage",Engaging active rotation,0.0,0.0,0.0,0.0,0.0,0.0,0.0
Q14,D0043,APM and skill expression,"Hybrid roles, tanking, and damage",0.00046517768338176225,0.0,0.005106863510384929,0.0,0.0,0.0,0.0
Q14,D0044,Energy waiting and downtime,Slow or boring rotation,0.0,0.0,0.0,0.03072271370996912,0.05026995644068482,0.0,0.0
Q14,D0045,Energy waiting and downtime,Slow or boring rotation,0.0,0.0,0.0,0.15503681248714862,0.20663125451689163,0.0,0.0
Q14,D0046,"Powershifting, engagement, and identity",Class identity and distinctiveness,0.0,0.10928311189660142,0.0,0.0,0.0,0.0,0.0
Q14,D0047,Energy waiting and downtime,"Hybrid roles, tanking, and damage",0.08533900040686716,0.0,0.0,0.07254426098344062,0.0866425419262625,0.0,0.012251809400156964
Q14,D0048,"Hybrid roles, tanking, and damage",Class identity and distinctiveness,0.1071689937033865,0.0,0.0,0.0,0.0,0.0,0.0
Q14,D0049,Slow or boring rotation,Energy waiting and downtime,0.039486554072163324,0.0,0.0,0.07897253643585436,0.058195590514493425,0.0,0.0
Q14,D0050,"Hybrid roles, tanking, and damage",Engaging active rotation,0.0,0.0,0.0,0.0,0.0,0.0,0.0
Q14,D0051,Energy waiting and downtime,Engaging active rotation,0.001364405216504048,0.0,0.0,0.0,0.06739068098734091,0.012950671016752612,0.0
Q14,D0052,Energy waiting and downtime,"Hybrid roles, tanking, and damage",0.010316290395190521,0.0,0.0,0.0,0.09204903275626435,0.0,0.0
Q14,D0053,"Powershifting, engagement, and identity",Class identity and distinctiveness,0.0,0.11392800424249429,0.0,0.0,0.0,0.0,0.0
Q14,D0054,APM and skill expression,Class identity and distinctiveness,0.011297260499002032,0.0,0.1096607061616254,0.0,0.0,0.0,0.014271009538479056
Q14,D0055,"Powershifting, engagement, and identity",Energy waiting and downtime,0.0,0.09388712040141575,0.0,0.0019496376241428066,0.04056018264056191,0.01410479102575662,0.0
Q14,D0056,Class identity and distinctiveness,"Hybrid roles, tanking, and damage",0.004193973193607568,0.0,0.0,0.0,0.0,0.0,0.014699408136915613
Q14,D0057,Class identity and distinctiveness,Energy waiting and downtime,0.0,0.0,0.0,0.0,0.02046852206938746,0.0030275269779636506,0.03913279163943274
Q14,D0058,Slow or boring rotation,Energy waiting and downtime,0.0,0.0,0.0,0.2083455888962422,0.011311691487435419,0.0,0.0
Q14,D0059,Energy waiting and downtime,"Hybrid roles, tanking, and damage",0.005257952466043594,0.0,0.0,0.0,0.01778432541955084,0.0,0.0
Q14,D0060,Engaging active rotation,Class identity and distinctiveness,0.0,0.0,0.0,0.0,0.0,0.04973977187947756,0.0
Q14,D0061,Energy waiting and downtime,Class identity and distinctiveness,0.0,0.0,0.0,0.0,0.002198008704811879,0.0,0.0
Q14,D0062,"Hybrid roles, tanking, and damage",Class identity and distinctiveness,0.09129948571867771,0.0,0.0,0.0,0.0,0.02534125469458495,0.05881442414345005
Q14,D0063,"Hybrid roles, tanking, and damage",Class identity and distinctiveness,0.09387722270283308,0.0,0.0,0.0,0.0,0.0,0.0066500403056143215
Q14,D0064,Energy waiting and downtime,"Powershifting, engagement, and identity",0.0,0.0544572597413126,0.0,0.0,0.12295830342744873,0.0,0.0
Q14,D0065,"Hybrid roles, tanking, and damage",Class identity and distinctiveness,0.0204501143790946,0.0,0.004675952102161768,0.0,0.0,0.0,0.013961735189306391
Q14,D0066,Engaging active rotation,APM and skill expression,0.0,0.0,0.025056357840537745,0.0,0.0,0.03827914827873109,0.0
Q14,D0067,Energy waiting and downtime,"Hybrid roles, tanking, and damage",0.00938495253751646,0.0,0.0,2.917087495040334e-05,0.024706774537056518,0.0,0.0
Q14,D0068,Class identity and distinctiveness,Engaging active rotation,0.007293911837379068,0.0,0.0,0.0,0.0,0.010098547670827133,0.01057938195243884
Q14,D0069,Class identity and distinctiveness,Engaging active rotation,0.0,0.0,0.0,0.0,0.0006420435418163275,0.09189900014464492,0.09553474320396693
Q14,D0070,Energy waiting and downtime,"Powershifting, engagement, and identity",0.01945434638549803,0.034077871386455134,0.0,0.0,0.049006567100314924,0.0,0.0
Q14,D0071,Class identity and distinctiveness,"Powershifting, engagement, and identity",0.016974036361853736,0.038581986996843134,0.0,0.0,0.0,0.0,0.11458032496768468
Q14,D0072,"Hybrid roles, tanking, and damage",Class identity and distinctiveness,0.011714101512415405,0.0,0.0,0.0,0.0,0.0,0.0
Q14,D0073,Engaging active rotation,Energy waiting and downtime,0.0,0.0,0.0,0.0,0.005512738138095556,0.03865596457638277,0.0
Q14,D0074,"Hybrid roles, tanking, and damage",Class identity and distinctiveness,0.020147277478826227,0.0,0.0,0.0,0.0,0.0,0.0
Q14,D0075,Engaging active rotation,"Powershifting, engagement, and identity",0.02481941294696592,0.05574519731679796,0.0037519486642087077,0.0,0.046284279908739685,0.08186702030589046,0.0
Q14,D0076,Energy waiting and downtime,Engaging active rotation,0.0,0.0,0.0,0.0,0.05200574162564858,0.04413376292660041,0.014539434384553277
Q14,D0077,"Hybrid roles, tanking, and damage",Class identity and distinctiveness,0.0512964580453775,0.0,0.0,0.0,0.0,0.0,0.0
Q14,D0078,APM and skill expression,Class identity and distinctiveness,0.0,0.0,0.27764495583383075,0.0,0.0,0.0,0.0
Q14,D0079,APM and skill expression,Energy waiting and downtime,0.009309480115675867,0.0,0.10070511675728384,0.057342964975818714,0.08534764962587357,0.0774392952685826,0.026384563051288196
Q14,D0080,Energy waiting and downtime,"Hybrid roles, tanking, and damage",0.04399466386288758,0.0,0.0,0.0,0.09169010765273523,0.0,0.0
Q14,D0081,"Powershifting, engagement, and identity",Class identity and distinctiveness,0.0,0.08075742813937148,0.0,0.0,0.0,0.0,0.0
Q14,D0082,Class identity and distinctiveness,Engaging active rotation,0.0,0.0,0.0,0.0,0.0,0.0,0.23250358184864708
Q14,D0083,APM and skill expression,Slow or boring rotation,0.0,0.0444600829254148,0.07361000439878627,0.07215471849131513,0.0,0.0,0.0
Q14,D0084,Energy waiting and downtime,"Powershifting, engagement, and identity",0.0,0.040989808283637796,0.0,0.0,0.04614080838842289,0.0,0.0
Q14,D0085,APM and skill expression,"Hybrid roles, tanking, and damage",0.048226623334542564,0.017473324452784936,0.15908141298092993,0.0,0.0,0.0,0.012009409275173027
Q14,D0086,Energy waiting and downtime,Slow or boring rotation,0.0,0.0,0.0,0.0037752000820383534,0.01954362480488132,0.0,0.0
Q14,D0087,Slow or boring rotation,Engaging active rotation,0.0,0.0,0.0,0.18139984385037317,0.0,0.12779322910612337,0.0
Q14,D0088,Engaging active rotation,"Hybrid roles, tanking, and damage",0.046850184871900326,0.0,0.0,0.0,0.0,0.12265314884378288,0.0
Q14,D0089,"Hybrid roles, tanking, and damage",Energy waiting and downtime,0.056774259500486285,0.0,0.0,0.0,0.009379592023136976,0.0,0.0
Q14,D0090,"Powershifting, engagement, and identity",Engaging active rotation,0.0,0.04916961788133035,0.02249574939347638,0.0,0.0,0.03833402662649773,0.0
Q14,D0091,Engaging active rotation,Class identity and distinctiveness,0.016744150171928724,0.0,0.0,0.0,0.0,0.08775465579852787,0.03849769997072593
Q14,D0092,Engaging active rotation,Class identity and distinctiveness,0.0,0.0,0.0,0.0,0.0,0.09080118816383939,0.0
Q14,D0093,Slow or boring rotation,Engaging active rotation,0.0,0.0,0.0,0.21861448688274054,0.0,0.14505904646046022,0.0
Q14,D0094,Engaging active rotation,"Hybrid roles, tanking, and damage",0.02858107450553764,0.0,0.0,0.0,0.005975292731708475,0.0371463264106928,0.013089592760304553
Q14,D0095,Energy waiting and downtime,"Powershifting, engagement, and identity",0.0,0.03711106864435848,0.0,0.0,0.03772339900079135,0.0,0.0
Q14,D0096,Slow or boring rotation,Engaging active rotation,0.024953033163570233,0.0,0.0,0.1511819478402285,0.0,0.10482228091237375,0.0
Q14,D0097,Energy waiting and downtime,Engaging active rotation,0.004167158264969975,0.0,0.0018537378474414808,0.0,0.06679566401039487,0.012359203698407244,0.0
Q14,D0098,"Hybrid roles, tanking, and damage",Energy waiting and downtime,0.03610908186772694,0.0,0.0,0.0,0.008510137160389912,0.0,0.0
Q14,D0099,APM and skill expression,Energy waiting and downtime,0.011755010191042732,0.0,0.09406791314211427,0.0,0.05594305259606813,0.0,0.020328937335265366
Q14,D0100,"Hybrid roles, tanking, and damage",Engaging active rotation,0.0,0.0,0.0,0.0,0.0,0.0,0.0
Q14,D0101,"Hybrid roles, tanking, and damage",Class identity and distinctiveness,0.041846139401561386,0.0,0.0,0.0,0.0,0.0,0.0
Q14,D0102,Energy waiting and downtime,"Hybrid roles, tanking, and damage",0.00177930576159379,0.0,0.0,0.0,0.0068212874672305595,0.0,0.0
Q14,D0103,Energy waiting and downtime,Class identity and distinctiveness,0.0013582193384962453,0.0,0.0,0.0,0.07164294680962201,0.04044567718405314,0.05841961680848392
Q14,D0104,Engaging active rotation,Class identity and distinctiveness,0.0,0.0,0.0,0.0,0.0,0.18152518647107452,0.0
Q14,D0105,"Hybrid roles, tanking, and damage",Class identity and distinctiveness,0.05657851475310528,0.0,0.0,0.0,0.0,0.0,0.0
Q14,D0106,Class identity and distinctiveness,Slow or boring rotation,0.042909119241029164,0.0,0.0,0.09574268781421015,0.0,0.07402482618972774,0.11414788158769774
Q14,D0107,Class identity and distinctiveness,"Powershifting, engagement, and identity",0.02001433566756413,0.06999349669726851,0.0,0.0,0.0,0.0,0.08136950558001362
Q14,D0108,Energy waiting and downtime,Engaging active rotation,0.0,0.0,0.0,0.0,0.14668627574359885,0.04373758570749241,0.0
Q14,D0109,"Hybrid roles, tanking, and damage",Class identity and distinctiveness,0.14592034661003836,0.0,0.0,0.0,0.0,0.0,0.09733567457579168
Q14,D0110,"Powershifting, engagement, and identity",Class identity and distinctiveness,0.0,0.12119649977066092,0.0,0.0,0.0,0.0,0.0
Q14,D0111,Slow or boring rotation,Engaging active rotation,0.0,0.0,0.0,0.15539696709111914,0.00920195500539988,0.06753763056368946,0.0
Q14,D0112,"Hybrid roles, tanking, and damage","Powershifting, engagement, and identity",0.124395393144031,0.06118684457382343,0.0,0.0,0.0,0.0,0.0
Q14,D0113,APM and skill expression,"Hybrid roles, tanking, and damage",0.0056256903105550825,0.0,0.09579038865409245,0.0,0.0038612326377731013,7.359786372552987e-05,0.0
Q14,D0114,"Hybrid roles, tanking, and damage",Class identity and distinctiveness,0.15897291096768268,0.0,0.0,0.0,0.0,0.0,0.0
Q14,D0115,"Powershifting, engagement, and identity","Hybrid roles, tanking, and damage",0.16581026670724594,0.2518786389387377,0.0,0.0,0.0,0.0,0.0
Q14,D0116,Energy waiting and downtime,Class identity and distinctiveness,0.04023674518066746,0.0,0.0,0.0,0.09817261959261629,0.05673508446690038,0.058606209587728254
Q14,D0117,"Hybrid roles, tanking, and damage",Class identity and distinctiveness,0.021341603571058406,0.0,0.0,0.0,0.0,0.0,0.011203756522693427
Q14,D0118,Energy waiting and downtime,"Hybrid roles, tanking, and damage",0.05170358459221746,0.029583622285163477,0.0032437405606114793,0.0,0.07055704082315109,0.004813913253978753,0.0
Q14,D0119,"Hybrid roles, tanking, and damage",Engaging active rotation,0.0,0.0,0.0,0.0,0.0,0.0,0.0
Q14,D0120,"Hybrid roles, tanking, and damage",Engaging active rotation,0.031183772322165095,0.0,0.0,0.0,0.0,0.0021185458845408667,0.0
Q14,D0121,"Hybrid roles, tanking, and damage",Engaging active rotation,0.0,0.0,0.0,0.0,0.0,0.0,0.0
Q14,D0122,APM and skill expression,"Hybrid roles, tanking, and damage",0.030164357220916597,0.0,0.14662682681808495,0.0,0.0,0.0,0.0
Q14,D0123,"Powershifting, engagement, and identity","Hybrid roles, tanking, and damage",0.000633163637576636,0.05374132213734384,0.0,0.0,0.0,0.0,0.0
Q14,D0124,"Hybrid roles, tanking, and damage",Class identity and distinctiveness,0.07793580349823466,0.0,0.0,0.0,0.0,0.0,0.0
Q14,D0125,"Hybrid roles, tanking, and damage",Class identity and distinctiveness,0.035029992866945685,0.0,0.0,0.0,0.0,0.0,0.026852888211757884
Q14,D0126,"Hybrid roles, tanking, and damage",Class identity and distinctiveness,0.023915684413646582,0.0,0.0,0.0,0.0,0.0,0.0
Q14,D0127,Slow or boring rotation,APM and skill expression,0.0,0.0,0.017503028622306325,0.12492767342266513,0.0,0.0,0.0
Q14,D0128,Energy waiting and downtime,"Hybrid roles, tanking, and damage",0.0009116225838060082,0.0,0.0,0.0,0.06712956645636455,0.0,0.0
Q14,D0129,Energy waiting and downtime,Class identity and distinctiveness,0.0,0.0,0.0,0.0,0.1838099105668137,0.0,0.0
Q14,D0130,"Powershifting, engagement, and identity",Class identity and distinctiveness,0.0,0.39349568863949086,0.0,0.0,0.0,0.0,0.0
Q14,D0131,"Powershifting, engagement, and identity",Class identity and distinctiveness,0.0,0.1853758298310346,0.0,0.0,0.0,0.10189108390084818,0.18198922692213657
Q14,D0132,"Powershifting, engagement, and identity",Class identity and distinctiveness,0.01094763545615966,0.05211134894346788,0.0,0.0,0.017959513143655494,0.03927834860719641,0.050833227623081866
Q14,D0133,"Hybrid roles, tanking, and damage",Engaging active rotation,0.0,0.0,0.0,0.0,0.0,0.0,0.0
Q14,D0134,"Hybrid roles, tanking, and damage",Class identity and distinctiveness,0.024468442395249607,0.0,0.0,0.0,0.0,0.0,0.0
Q14,D0135,APM and skill expression,"Powershifting, engagement, and identity",0.0,0.04029672152101474,0.06317208108624459,0.0,0.0,0.033101986144223834,0.023254554846308253
Q14,D0136,Slow or boring rotation,"Hybrid roles, tanking, and damage",0.0405965767212114,0.0,0.0,0.12525429800361437,0.0,0.0,0.0
Q14,D0137,Class identity and distinctiveness,Engaging active rotation,0.0012577934821132787,0.0,0.0012258784118137234,0.0,0.002422373306049918,0.0051241955754816075,0.12163761540607045
Q14,D0138,"Hybrid roles, tanking, and damage","Powershifting, engagement, and identity",0.0780628721427235,0.04608550777660923,0.0,0.0,0.0,0.0,0.0
Q14,D0139,Energy waiting and downtime,Class identity and distinctiveness,0.0,0.0,0.0,0.0,0.061889465569446696,0.0,0.0
Q14,D0140,"Powershifting, engagement, and identity",Energy waiting and downtime,0.001407271121919935,0.06667515643197608,0.0,0.0,0.009407807265218128,0.0,0.0
Q14,D0141,APM and skill expression,"Powershifting, engagement, and identity",0.019808504670768393,0.06908170316408736,0.08323113098208866,0.0,0.03208952904267919,0.039619647178309104,0.005381335560494031
Q14,D0142,Class identity and distinctiveness,"Hybrid roles, tanking, and damage",0.007453703482393404,0.0,0.0,0.0,0.0,0.0,0.011111149488230856
Q14,D0143,"Hybrid roles, tanking, and damage",Class identity and distinctiveness,0.05873484222061964,0.0,0.0,0.0,0.032984684788267,0.0023377330672913928,0.050474819162978135
Q14,D0144,Slow or boring rotation,Class identity and distinctiveness,0.0,0.0,0.0,0.14386315385636358,0.0,0.0,0.0
Q14,D0145,Energy waiting and downtime,Class identity and distinctiveness,0.02426980308027239,0.0,0.0,0.0,0.09102760267227776,0.0,0.053504652715647076
Q14,D0146,Engaging active rotation,"Hybrid roles, tanking, and damage",0.034433399278591716,0.0,0.0,0.0,0.03372518300874361,0.04831695763272773,0.0
Q14,D0147,Engaging active rotation,Class identity and distinctiveness,0.0,0.0,0.0,0.0,0.0,0.1559860091869561,0.0
Q14,D0148,Engaging active rotation,"Hybrid roles, tanking, and damage",0.041675287124356426,0.0,0.0,0.0,0.023520200277188694,0.07509524461077861,0.0
Q14,D0149,Engaging active rotation,"Hybrid roles, tanking, and damage",0.02778000136824961,0.0,0.0,0.0,0.0,0.038362895948756935,0.0
Q14,D0150,"Hybrid roles, tanking, and damage",Engaging active rotation,0.0,0.0,0.0,0.0,0.0,0.0,0.0
Q14,D0151,Energy waiting and downtime,"Hybrid roles, tanking, and damage",0.08656618260065817,0.05348767292599883,0.0,0.04414725698442739,0.1302948716313086,0.005493847606924913,0.001356634194561092
Q14,D0152,"Hybrid roles, tanking, and damage",Class identity and distinctiveness,0.13957669364014647,0.0,0.0,0.0,0.0,0.0,0.0
Q14,D0153,Class identity and distinctiveness,Engaging active rotation,0.0,0.0,0.0,0.0,0.0,0.0,0.12752254051440784
Q14,D0154,Energy waiting and downtime,Class identity and distinctiveness,0.0,0.0,0.0,0.0,0.09212645465076814,0.0,0.0
Q14,D0155,"Powershifting, engagement, and identity",Class identity and distinctiveness,0.0,0.18508183869258116,0.0,0.0,0.0,0.0,0.0
Q14,D0156,"Hybrid roles, tanking, and damage",APM and skill expression,0.11135835342908498,0.029823600541950393,0.04940044337088085,0.0,0.02198663195051932,0.011799492226111397,0.013552795048075382
Q14,D0157,"Hybrid roles, tanking, and damage",Slow or boring rotation,0.1369898905191468,0.0,0.0,0.09561263261044037,0.0,0.0,0.0
Q14,D0158,"Powershifting, engagement, and identity",Engaging active rotation,0.04950152177205091,0.07479134384937557,0.0,0.0,0.0,0.05489040779848554,0.033324144649872836
Q14,D0159,"Hybrid roles, tanking, and damage",Class identity and distinctiveness,0.12469989138756263,0.0,0.0,0.0,0.0,0.0,0.0
Q14,D0160,Engaging active rotation,Energy waiting and downtime,0.0,0.0,0.023513531098062146,0.0,0.048049322698129386,0.06552337617877999,0.02382361877287193
Q14,D0161,Energy waiting and downtime,Slow or boring rotation,0.0,0.0,0.0,0.1185184192196839,0.18618521689226084,0.0,0.0
Q14,D0162,Energy waiting and downtime,Slow or boring rotation,0.000721455127756056,0.0,0.0,0.09739177828954246,0.11143089573452075,0.035943763564060024,0.0
Q14,D0163,"Hybrid roles, tanking, and damage",Engaging active rotation,0.0,0.0,0.0,0.0,0.0,0.0,0.0
Q14,D0164,Slow or boring rotation,Engaging active rotation,0.0,0.0,0.0,0.19745909210986598,0.0,0.12057174586119103,0.0
Q14,D0165,Class identity and distinctiveness,Energy waiting and downtime,0.0,0.0,0.0,0.0,0.0009246068011764091,0.0,0.01874099243488176
Q14,D0166,"Hybrid roles, tanking, and damage",Engaging active rotation,0.0794467108610408,0.0,0.0,0.0,0.0,0.0550994997283626,0.0
Q14,D0167,Engaging active rotation,"Hybrid roles, tanking, and damage",0.04383946138205865,0.02295385962132919,0.0,0.0,0.004217987403801799,0.07039459797414428,0.0
Q14,D0168,"Hybrid roles, tanking, and damage",Engaging active rotation,0.0,0.0,0.0,0.0,0.0,0.0,0.0
Q14,D0169,"Hybrid roles, tanking, and damage",Class identity and distinctiveness,0.01837440312793275,0.0,0.0,0.0,0.0,0.0,0.0
Q14,D0170,"Hybrid roles, tanking, and damage",Class identity and distinctiveness,0.17246611214467972,0.0,0.0,0.0,0.0022496822092539456,0.0,0.026426382637157103
Q14,D0171,Engaging active rotation,"Powershifting, engagement, and identity",0.0,0.06447916953107959,0.0,0.0,0.0,0.08737485185468374,0.0
Q14,D0172,APM and skill expression,Class identity and distinctiveness,0.0,0.0,0.35368208066193024,0.0,0.0,0.0,0.0
Q14,D0173,Slow or boring rotation,Energy waiting and downtime,0.0,0.0,0.0,0.11424016617063329,0.023485883080246392,0.0,0.0
Q14,D0174,Class identity and distinctiveness,"Hybrid roles, tanking, and damage",0.007072847029376014,0.0,0.0,0.0,0.0,0.0,0.04936977525021084
Q14,D0175,"Hybrid roles, tanking, and damage",Energy waiting and downtime,0.033042771334525316,0.0,0.0,0.0,0.0015942414028402372,0.0,0.0
Q14,D0176,"Hybrid roles, tanking, and damage",Class identity and distinctiveness,0.024130813414287855,0.0,0.0,0.0,0.0,0.0,0.0
Q14,D0177,Slow or boring rotation,Class identity and distinctiveness,0.0,0.0,0.0,0.13917088545788314,0.0,0.0,0.04819868786076358
Q14,D0178,APM and skill expression,Class identity and distinctiveness,0.02062522084244406,0.0,0.09757078382317962,0.0,0.0036694035699287105,0.0,0.04867037398840181
Q14,D0179,APM and skill expression,"Hybrid roles, tanking, and damage",0.08295029928206915,0.0,0.12101462761920671,0.0,0.0,0.0,0.0
Q14,D0180,"Hybrid roles, tanking, and damage",Engaging active rotation,0.04056167677263913,0.0,0.0,0.0,0.0,0.010628831429795154,0.0
Q14,D0181,Engaging active rotation,"Hybrid roles, tanking, and damage",0.03849418798814492,0.016905273403513693,0.0007650082824590218,0.0,0.00664563054415177,0.06612542402829072,0.025191201420680574
Q14,D0182,APM and skill expression,"Hybrid roles, tanking, and damage",0.008192347334809488,0.0,0.08857203949358522,0.0,0.0,0.000538366931442116,0.0
Q14,D0183,APM and skill expression,Class identity and distinctiveness,0.014305031211128603,0.0,0.07089130301148124,0.0,0.0,0.0,0.06184833008560689
Q14,D0184,"Hybrid roles, tanking, and damage",Class identity and distinctiveness,0.01773172408664784,0.0,0.0,0.0,0.0,0.0,0.0
Q14,D0185,Slow or boring rotation,"Hybrid roles, tanking, and damage",0.05257446569564614,0.0,0.021822441436276853,0.1269537145255351,0.0,0.0,0.0
Q14,D0186,Engaging active rotation,"Hybrid roles, tanking, and damage",0.06582809385605314,0.0,0.0,0.0,0.0,0.0719959793167312,0.0
Q14,D0187,Engaging active rotation,"Powershifting, engagement, and identity",0.04262916642968179,0.05804799777512798,0.0,0.0,0.00850001927151524,0.06304816787445926,0.0
Q14,D0188,APM and skill expression,Class identity and distinctiveness,0.0,0.0,0.14868975381508207,0.0,0.0,0.0,0.0
Q14,D0189,Engaging active rotation,"Powershifting, engagement, and identity",0.01979783777171756,0.039705701191092346,0.0,0.0,0.0,0.07977867823936373,0.02085155202131614
Q14,D0190,Energy waiting and downtime,"Hybrid roles, tanking, and damage",0.040617722076711285,0.0,0.0,0.0,0.051095665790552476,0.0,0.0
Q14,D0191,"Powershifting, engagement, and identity","Hybrid roles, tanking, and damage",0.028356812930873204,0.10916832811213892,0.0,0.0,0.0,0.0,0.0
Q14,D0192,Energy waiting and downtime,Class identity and distinctiveness,0.0,0.0,0.0,0.0,0.0707685282876173,0.0,0.057461975308729804
Q14,D0193,"Hybrid roles, tanking, and damage",Class identity and distinctiveness,0.06239538183448229,0.0,0.0,0.0,0.0,0.0,0.0
Q14,D0194,"Powershifting, engagement, and identity",Class identity and distinctiveness,0.0,0.08529094266907362,0.0,0.0,0.0,0.0,0.0
Q14,D0195,"Hybrid roles, tanking, and damage",Class identity and distinctiveness,0.017784127944984872,0.0,0.0,0.0,0.0,0.0,0.0
Q14,D0196,"Hybrid roles, tanking, and damage",Class identity and distinctiveness,0.01637091281359345,0.0,0.0,0.0,0.0,0.0,0.0
Q14,D0197,"Hybrid roles, tanking, and damage",Class identity and distinctiveness,0.010554595238202713,0.0,0.0,0.0,0.0,0.0,0.0
Q14,D0198,"Hybrid roles, tanking, and damage",Class identity and distinctiveness,0.08892506845346602,0.022877910728531046,0.0,0.0,0.02738360569008754,0.0,0.03742020229833026
Q14,D0199,Energy waiting and downtime,Class identity and distinctiveness,0.012954642224281571,0.0,0.0,0.0,0.09334611303368281,0.0,0.029759097797676798
Q14,D0200,Engaging active rotation,Slow or boring rotation,0.007825926317969387,0.0,0.0014171372281294742,0.05507612865974348,0.004995198509204353,0.07565694121475335,0.0
Q14,D0201,"Hybrid roles, tanking, and damage",Engaging active rotation,0.0,0.0,0.0,0.0,0.0,0.0,0.0
Q14,D0202,Class identity and distinctiveness,APM and skill expression,0.0,0.0,0.015749243148788877,0.0,0.0,0.0,0.18366470033153431
Q14,D0203,APM and skill expression,Class identity and distinctiveness,0.0,0.0,0.08702973653831549,0.0,0.03371469796641998,0.016304172652016263,0.04376411203147219
Q14,D0204,"Powershifting, engagement, and identity",Class identity and distinctiveness,0.0,0.04943044442113798,0.0,0.0,0.0,0.0,0.0
Q14,D0205,Energy waiting and downtime,"Powershifting, engagement, and identity",0.0,0.05067112347584297,0.0,0.0,0.05307029491153349,0.0,0.0
Q14,D0206,Class identity and distinctiveness,Energy waiting and downtime,0.0031115661411674628,0.0,0.0,0.0,0.06613957098455761,0.0,0.07975694531876944
Q14,D0207,Energy waiting and downtime,Class identity and distinctiveness,0.0,0.0,0.0,0.0,0.3263231797375005,0.0,0.0
Q14,D0208,"Powershifting, engagement, and identity",Class identity and distinctiveness,0.0,0.2336200206849534,0.0,0.0,0.0,0.0,0.23331685380034795
Q14,D0209,"Powershifting, engagement, and identity",Energy waiting and downtime,0.004640575304187171,0.11010350680762099,0.0,0.0,0.008438140683786005,0.0,0.0
Q14,D0210,Class identity and distinctiveness,Energy waiting and downtime,0.0,0.0,0.0,0.0,0.005450888935581222,0.0,0.18086873939227247
Q14,D0211,Energy waiting and downtime,"Hybrid roles, tanking, and damage",0.021838184201475753,0.019189020585410027,0.0,0.0,0.06108232651170874,0.014048598944303147,0.0
Q14,D0212,APM and skill expression,"Hybrid roles, tanking, and damage",0.08069895615179255,0.0,0.30871318310613116,0.0,0.0,0.0,0.0
Q14,D0213,"Hybrid roles, tanking, and damage",Class identity and distinctiveness,0.004258901944055229,0.0,0.0,0.0,0.0,0.0,0.0
Q14,D0214,APM and skill expression,"Hybrid roles, tanking, and damage",0.013695619754580871,0.0,0.04658381549732341,0.0,0.0,0.0,0.0006632674419748923
Q14,D0215,"Hybrid roles, tanking, and damage",Energy waiting and downtime,0.10071903709982655,0.0,0.0,0.0,0.05368714172351132,0.019455450239024726,0.0
Q14,D0216,Energy waiting and downtime,Class identity and distinctiveness,0.0,0.0,0.0,0.0,0.14191399475648697,0.0,0.0
Q14,D0217,APM and skill expression,"Powershifting, engagement, and identity",0.0,0.07221202053684123,0.08124068203135039,0.0,0.0,0.034351128817168744,0.0
Q14,D0218,Slow or boring rotation,Class identity and distinctiveness,0.0,0.0,0.0,0.19367259529165806,0.0033618410650899304,0.0,0.07390173321182181
Q14,D0219,"Hybrid roles, tanking, and damage",Class identity and distinctiveness,0.0031662602448637536,0.0,0.0,0.0,0.0,0.0,0.0
Q14,D0220,APM and skill expression,Class identity and distinctiveness,0.0,0.0,0.29785937208533686,0.0,0.0,0.0,0.07687537487731125
Q14,D0221,Energy waiting and downtime,"Hybrid roles, tanking, and damage",0.0329109018741642,0.0,0.0,0.0,0.06177929314354479,0.0,0.0
Q14,D0222,APM and skill expression,"Powershifting, engagement, and identity",0.014031622801328546,0.04940669424303952,0.13494377228243987,0.0,0.0,0.0,0.0
Q14,D0223,"Powershifting, engagement, and identity","Hybrid roles, tanking, and damage",0.0459335805733598,0.06424180937582506,0.0,0.0,0.0,0.0,0.0
Q14,D0224,"Hybrid roles, tanking, and damage",Engaging active rotation,0.0,0.0,0.0,0.0,0.0,0.0,0.0
Q14,D0225,"Powershifting, engagement, and identity",Class identity and distinctiveness,0.0,0.1468368558288285,0.0,0.0,0.0,0.0,0.0
Q14,D0226,Engaging active rotation,Slow or boring rotation,0.0,0.0,0.0,0.12507182564116132,0.0,0.17998117631093669,0.0
Q14,D0227,Engaging active rotation,"Hybrid roles, tanking, and damage",0.04035682180182889,0.0,0.0,0.0,0.0,0.05234016911914074,0.0
Q14,D0228,Engaging active rotation,"Hybrid roles, tanking, and damage",0.01388262816312489,0.0,0.0,0.0,0.005968563238704257,0.1178424304715687,0.0
Q14,D0229,"Hybrid roles, tanking, and damage",Class identity and distinctiveness,0.04901107849862461,0.0,0.0,0.0,0.0,0.0,0.0
Q14,D0230,"Hybrid roles, tanking, and damage",Class identity and distinctiveness,0.022247846359536534,0.0,0.0,0.0,0.0,0.0,0.0
Q14,D0231,Energy waiting and downtime,Class identity and distinctiveness,0.03714364898704458,0.0,0.0,0.03115112414566666,0.07447850475770411,0.0,0.037984005039920554
Q14,D0232,Class identity and distinctiveness,Engaging active rotation,0.0,0.0,0.0,0.0,0.0,0.0,0.1192061528180225
Q14,D0233,"Hybrid roles, tanking, and damage","Powershifting, engagement, and identity",0.0891597551126316,0.03405551206851536,0.0,0.0,0.0,0.0,0.0
Q14,D0234,"Hybrid roles, tanking, and damage",Class identity and distinctiveness,0.17076319920114705,0.0,0.0,0.0,0.0,0.0,0.0
Q14,D0235,"Powershifting, engagement, and identity",Energy waiting and downtime,0.0017630080970047865,0.03520342032051381,0.0,0.0,0.009353059118822941,0.0,0.0
Q14,D0236,"Hybrid roles, tanking, and damage",Class identity and distinctiveness,0.07474463613709309,0.0,0.0,0.0,0.0,0.0,0.0
Q14,D0237,Energy waiting and downtime,"Powershifting, engagement, and identity",0.0,0.0252799808789318,0.0,0.0,0.1314711915295917,0.0,0.023729519806680185
Q14,D0238,APM and skill expression,Class identity and distinctiveness,0.0,0.0,0.13873616367970748,0.0,0.0,0.0,0.03610439825007294
Q14,D0239,"Hybrid roles, tanking, and damage",Class identity and distinctiveness,0.03239394415018869,0.0,0.0,0.0,0.0,0.0,0.0
Q14,D0240,Energy waiting and downtime,"Hybrid roles, tanking, and damage",0.003946413117031536,0.0,0.0,0.0,0.06415680874965586,0.0,0.0
Q14,D0241,Energy waiting and downtime,Slow or boring rotation,0.0,0.0,0.0,0.08727674961313507,0.11849842464541431,0.0,0.0
Q14,D0242,"Hybrid roles, tanking, and damage",Class identity and distinctiveness,0.03782816963122691,0.0,0.0,0.0,0.0,0.0,0.0
Q14,D0243,"Powershifting, engagement, and identity",Class identity and distinctiveness,0.03094386185647093,0.038007441440862384,0.0,0.0,0.0,0.0,0.032563078199217124
Q14,D0244,"Powershifting, engagement, and identity","Hybrid roles, tanking, and damage",0.02774079428513745,0.1838700262103863,0.0,0.0,0.0,0.0,0.0
Q14,D0245,"Hybrid roles, tanking, and damage",Energy waiting and downtime,0.003741302322794508,0.0,0.0,0.0,0.0008489577464360177,0.0,0.0
Q14,D0246,"Powershifting, engagement, and identity","Hybrid roles, tanking, and damage",0.014173784062656692,0.05788398890328148,0.0,0.0,0.0,0.0,0.0
Q14,D0247,"Powershifting, engagement, and identity",Class identity and distinctiveness,0.0,0.047516726416780924,0.0,0.0,0.0,0.0,0.0
Q14,D0248,Engaging active rotation,"Hybrid roles, tanking, and damage",0.021547903637395803,0.0,0.0,0.0,0.00836407021319753,0.07422526796132406,0.0
Q14,D0249,Class identity and distinctiveness,"Hybrid roles, tanking, and damage",0.001826148391232077,0.0,0.0,0.0,0.0,0.0,0.060883683036779664
Q14,D0250,APM and skill expression,"Hybrid roles, tanking, and damage",0.04677369041184071,0.0,0.14444684045881384,0.0,0.0,0.0,0.0
Q14,D0251,"Powershifting, engagement, and identity","Hybrid roles, tanking, and damage",0.08832383959939472,0.12035171381284746,0.0,0.0,0.0,0.0036735033436561706,0.0
Q14,D0252,"Hybrid roles, tanking, and damage","Powershifting, engagement, and identity",0.10361139852885183,0.018846700551537792,0.0,0.0,0.007016171838125808,0.0,0.0017530059898717202
Q14,D0253,"Hybrid roles, tanking, and damage",Engaging active rotation,0.0,0.0,0.0,0.0,0.0,0.0,0.0
Q14,D0254,"Hybrid roles, tanking, and damage","Powershifting, engagement, and identity",0.07676600443016286,0.03959410962032773,0.0,0.0,0.0,0.0,0.0
Q14,D0255,APM and skill expression,Energy waiting and downtime,0.022228437856463883,0.0,0.042894678827930556,0.0,0.0331212105107064,0.0,0.0
Q14,D0256,"Hybrid roles, tanking, and damage",Engaging active rotation,0.0,0.0,0.0,0.0,0.0,0.0,0.0
Q14,D0257,"Hybrid roles, tanking, and damage",Engaging active rotation,0.03996878764801486,0.0,0.0,0.0,0.0,0.03408415000615454,0.0
Q14,D0258,"Powershifting, engagement, and identity","Hybrid roles, tanking, and damage",0.013513245657662385,0.02575253707558854,0.0,0.0,0.0,0.0,0.0
Q14,D0259,Class identity and distinctiveness,Engaging active rotation,0.0,0.0,0.0,0.0,0.0,0.0,0.13609546761201766
Q14,D0260,Class identity and distinctiveness,"Powershifting, engagement, and identity",0.007742583078572777,0.057570044196069266,0.0,0.0,0.0336008515241121,0.0,0.07804412783930936
Q14,D0261,"Powershifting, engagement, and identity",Class identity and distinctiveness,0.0,0.08139809708324536,0.0,0.0,0.0,0.0,0.0044118391311714685
Q14,D0262,Class identity and distinctiveness,"Hybrid roles, tanking, and damage",0.0359804590453049,0.0,0.0,0.0,0.008933826260265272,0.0,0.11953621599260997
Q14,D0263,"Hybrid roles, tanking, and damage",Energy waiting and downtime,0.1049356288014525,0.007313056883260308,0.0,0.006339816208968591,0.023975734261513146,0.01857128410716392,0.0
Q14,D0264,Slow or boring rotation,Class identity and distinctiveness,0.0,0.0,0.0,0.41441519096980034,0.0,0.0,0.0
Q14,D0265,"Hybrid roles, tanking, and damage",Class identity and distinctiveness,0.11522160558425137,0.0,0.0,0.0,0.0,0.0,0.0
Q14,D0266,"Hybrid roles, tanking, and damage",Class identity and distinctiveness,0.11150029280765542,0.0,0.0,0.0,0.0,0.013218792855184455,0.0220884123487451
Q14,D0267,"Hybrid roles, tanking, and damage",Class identity and distinctiveness,0.009294585156098163,0.0,0.0,0.0,0.0,0.0,0.0
Q14,D0268,Energy waiting and downtime,Engaging active rotation,0.009303929098647457,0.031911261527274554,0.0,0.0,0.05211080367933105,0.039507600334301465,0.0
Q14,D0269,Slow or boring rotation,Class identity and distinctiveness,0.0,0.0,0.0,0.41441519096980034,0.0,0.0,0.0
Q14,D0270,"Hybrid roles, tanking, and damage",Energy waiting and downtime,0.024846864802138244,0.0,0.0,0.0,0.010580131313077393,0.0,0.0
Q14,D0271,Energy waiting and downtime,Class identity and distinctiveness,0.0,0.0,0.0,0.0,0.08710047843773489,0.0,0.0
Q14,D0272,Engaging active rotation,Class identity and distinctiveness,0.0,0.0,0.0,0.0,0.0,0.09903379562535786,0.0
Q14,D0273,"Hybrid roles, tanking, and damage",Energy waiting and downtime,0.005706739331308663,0.0,0.0,0.0,0.004599676417061694,0.0,0.0006515062508886815
Q14,D0274,Engaging active rotation,"Hybrid roles, tanking, and damage",0.06185537633034059,0.0,0.0,0.0,0.0,0.12373024512149873,0.0
Q14,D0275,APM and skill expression,Class identity and distinctiveness,0.0,0.0,0.012239486305393532,0.0,0.0,0.0,0.0
Q14,D0276,Slow or boring rotation,Engaging active rotation,0.012273599278782908,0.0,0.0,0.093107211896628,0.00408510263458335,0.055656361425600404,0.018533330180114212
Q14,D0277,"Hybrid roles, tanking, and damage",Class identity and distinctiveness,0.10905090772143841,0.0,0.0,0.0,0.0,0.0,0.0
Q14,D0278,APM and skill expression,Engaging active rotation,0.010468888664258946,0.0,0.1150655107107771,0.0,0.0,0.03721560933631896,0.0
Q14,D0279,APM and skill expression,"Powershifting, engagement, and identity",0.035071630078738474,0.16115914736197515,0.19239241050212966,0.0,0.023837443284164733,0.0,0.0
Q14,D0280,"Hybrid roles, tanking, and damage",Class identity and distinctiveness,0.00817721330820449,0.0,0.0,0.0,0.0,0.0,0.0
Q14,D0281,"Hybrid roles, tanking, and damage",Class identity and distinctiveness,0.16247694102665106,0.0,0.0,0.0,0.0,0.0,0.0
Q14,D0282,Engaging active rotation,"Powershifting, engagement, and identity",0.0,0.004914917650921145,0.0,0.0,0.0,0.10037126411606655,0.0018258181107734534
Q14,D0283,"Hybrid roles, tanking, and damage",Class identity and distinctiveness,0.13413436307960214,0.0,0.0,0.0,0.0,0.0,0.0
Q14,D0284,Energy waiting and downtime,Class identity and distinctiveness,0.0,0.0,0.0,0.0,0.0195684084222184,0.0,0.0
Q14,D0285,Energy waiting and downtime,Engaging active rotation,0.0015339495110634524,0.0022307518634109274,0.0,0.0,0.018434393365661158,0.004844823307730389,0.0
Q14,D0286,"Hybrid roles, tanking, and damage",Class identity and distinctiveness,0.12379605296709054,0.0,0.0,0.0,0.0,0.0,0.0
Q14,D0287,Class identity and distinctiveness,Engaging active rotation,0.0,0.0,0.0,0.0,0.0,0.0,0.11970687060709816
Q14,D0288,"Hybrid roles, tanking, and damage",Class identity and distinctiveness,0.05129451690005351,0.0,0.0,0.0,0.0,0.0,0.0
Q14,D0289,"Hybrid roles, tanking, and damage",Class identity and distinctiveness,0.045758549902470635,0.0,0.0,0.0,0.0,0.0,0.016055650007195887
Q14,D0290,"Powershifting, engagement, and identity",Class identity and distinctiveness,0.0,0.11150929599581957,0.0,0.0,0.0,0.0,0.0
Q14,D0291,"Powershifting, engagement, and identity",Class identity and distinctiveness,0.0,0.39349568863949086,0.0,0.0,0.0,0.0,0.0
Q14,D0292,APM and skill expression,Energy waiting and downtime,0.0,0.0,0.13025144450488454,0.0,0.05852299604479055,0.0,0.0
Q14,D0293,Engaging active rotation,Class identity and distinctiveness,0.0,0.0,0.0,0.0,0.0,0.10524949269506031,0.0
Q14,D0294,APM and skill expression,Engaging active rotation,0.0,0.0,0.2003822296501893,0.0,0.009849613269703815,0.08683495445500133,0.0
Q14,D0295,Slow or boring rotation,Class identity and distinctiveness,0.0,0.0,0.0,0.1577586713877662,0.0,0.0,0.0
Q14,D0296,"Hybrid roles, tanking, and damage",Class identity and distinctiveness,0.004798792784009435,0.0,0.0,0.0,0.0,0.0,0.0
Q14,D0297,"Powershifting, engagement, and identity","Hybrid roles, tanking, and damage",0.09287260965561464,0.11645428651344195,0.0,0.0,0.0,0.0,0.0
Q14,D0298,"Hybrid roles, tanking, and damage",Energy waiting and downtime,0.1414429140872995,0.0,0.0,0.0,0.04027778323047215,0.0,0.0
Q14,D0299,"Hybrid roles, tanking, and damage",Class identity and distinctiveness,0.00267969759043781,0.0,0.0,0.0,0.0,0.0,0.0
Q14,D0300,Energy waiting and downtime,Class identity and distinctiveness,0.0,0.0,0.0,0.0,0.03518982031039625,0.0,0.0
Q14,D0301,"Hybrid roles, tanking, and damage",Class identity and distinctiveness,0.019200582543929073,0.0,0.0,0.0,0.0,0.0,0.0
Q14,D0302,Energy waiting and downtime,Engaging active rotation,0.0,0.0,0.0,0.0,0.01027431892374548,0.0013039601836845889,0.0
Q14,D0303,"Powershifting, engagement, and identity",Class identity and distinctiveness,0.0,0.39349568863949086,0.0,0.0,0.0,0.0,0.0
Q14,D0304,Energy waiting and downtime,"Powershifting, engagement, and identity",0.020312445884683575,0.02702178458130565,0.0041848914316850675,0.0,0.10601047228399152,0.0,0.0
Q14,D0305,Energy waiting and downtime,Class identity and distinctiveness,0.0,0.0,0.0,0.0,0.21453451688970335,0.0,0.0
Q14,D0306,"Hybrid roles, tanking, and damage",Class identity and distinctiveness,0.09046184266681265,0.0,0.0,0.0,0.0,0.0,0.022054679940443227
Q14,D0307,Energy waiting and downtime,"Powershifting, engagement, and identity",0.001645633102169787,0.048947758376640706,0.0,0.0,0.06418209713834663,0.0,0.0
Q14,D0308,"Hybrid roles, tanking, and damage",Class identity and distinctiveness,0.03609788342546831,0.0,0.0,0.0,0.0,0.0,0.0
Q14,D0309,"Hybrid roles, tanking, and damage",Engaging active rotation,0.013985389622218217,0.0,0.0,0.0,0.0,0.003982148590659797,0.0
Q14,D0310,Energy waiting and downtime,Class identity and distinctiveness,0.0,0.0,0.0,0.0,0.02808959262742605,0.0,0.0
Q14,D0311,"Powershifting, engagement, and identity",Energy waiting and downtime,0.0,0.13576632569955693,0.0,0.0,0.004087444317729996,0.0,0.0
Q14,D0312,APM and skill expression,"Powershifting, engagement, and identity",0.0,0.21606913374120396,0.28384958508691255,0.0,0.0,0.0,0.0
Q14,D0313,"Hybrid roles, tanking, and damage",Class identity and distinctiveness,0.039667336851452524,0.0,0.0,0.0,0.0,0.0,0.0
Q14,D0314,"Hybrid roles, tanking, and damage",Class identity and distinctiveness,0.03562772665923613,0.0,0.0,0.0,0.0,0.0,0.0
Q14,D0315,"Hybrid roles, tanking, and damage",Engaging active rotation,0.0,0.0,0.0,0.0,0.0,0.0,0.0
Q14,D0316,Engaging active rotation,Class identity and distinctiveness,0.0,0.0,0.0,0.0,0.0,0.3504835033177261,0.0
Q14,D0317,"Hybrid roles, tanking, and damage",Engaging active rotation,0.0,0.0,0.0,0.0,0.0,0.0,0.0
Q14,D0318,Energy waiting and downtime,"Hybrid roles, tanking, and damage",0.00177930576159379,0.0,0.0,0.0,0.0068212874672305595,0.0,0.0
Q14,D0319,Energy waiting and downtime,"Powershifting, engagement, and identity",0.0,0.0447636413944678,0.0,0.0,0.05231389266522748,0.0,0.0
Q14,D0320,"Hybrid roles, tanking, and damage",Slow or boring rotation,0.07295373909516628,0.02514158436460373,0.009519666470637527,0.045100951239756715,0.0,0.02340437378110716,0.04464873884212161
Q14,D0321,Energy waiting and downtime,"Powershifting, engagement, and identity",0.004401421548127425,0.03261605667358161,0.0,0.0,0.1048304124500581,0.0,0.0
Q14,D0322,"Hybrid roles, tanking, and damage",Class identity and distinctiveness,0.052659915655236485,0.0,0.0,0.0,0.0,0.0,0.0
Q14,D0323,Energy waiting and downtime,Class identity and distinctiveness,0.0,0.0,0.0,0.0,0.19368855519785685,0.0,0.0
Q14,D0324,"Hybrid roles, tanking, and damage",Energy waiting and downtime,0.016409079749434466,0.0,0.0,0.0,0.003174866159310966,0.0,0.0
Q14,D0325,Engaging active rotation,Energy waiting and downtime,0.0,0.0,0.0,0.0,0.035019216365794664,0.09493101537324465,0.0
Q14,D0326,Engaging active rotation,"Hybrid roles, tanking, and damage",0.06243130636439903,0.0,0.0,0.0,0.0,0.08957836563844439,0.0
Q14,D0327,"Hybrid roles, tanking, and damage",Class identity and distinctiveness,0.0036564230824813622,0.0,0.0,0.0,0.0,0.0,0.0
Q14,D0328,Class identity and distinctiveness,"Powershifting, engagement, and identity",0.03219249030253238,0.07033981306847262,0.0,0.0,0.06585505423680289,0.0,0.12731392072539657
Q14,D0329,"Hybrid roles, tanking, and damage",Engaging active rotation,0.0,0.0,0.0,0.0,0.0,0.0,0.0
Q14,D0330,Class identity and distinctiveness,"Hybrid roles, tanking, and damage",0.05157142179989554,0.04013900176462075,0.0,0.0,0.0,0.003336158512422928,0.080177051819548
Q14,D0331,Energy waiting and downtime,Slow or boring rotation,0.0,0.0,0.0,0.00011651907575883093,0.14074834501626457,0.0,0.0
Q14,D0332,"Powershifting, engagement, and identity",Energy waiting and downtime,0.0,0.09617976831430892,0.0,0.0,0.01467331498913867,0.0,0.0
Q14,D0333,"Hybrid roles, tanking, and damage",Class identity and distinctiveness,0.15035721029955568,0.0,0.0,0.0,0.0,0.0,0.0
Q14,D0334,APM and skill expression,"Hybrid roles, tanking, and damage",0.05075535303078168,0.0,0.14729238795049052,0.0,0.0,0.0,0.030251684926961068
Q14,D0335,"Hybrid roles, tanking, and damage",Class identity and distinctiveness,0.029456111055614034,0.0,0.0,0.0,0.0,0.0,0.0
Q14,D0336,Engaging active rotation,"Powershifting, engagement, and identity",0.0,0.03525926462546594,0.0,0.0,0.0,0.038513668354321684,0.0
Q14,D0337,"Powershifting, engagement, and identity",Class identity and distinctiveness,0.0,0.11798815856867667,0.0,0.0,0.0,0.0,0.0
Q14,D0338,"Hybrid roles, tanking, and damage",Class identity and distinctiveness,0.10022509113193162,0.0,0.0,0.0,0.0,0.0,0.01537784466392793
Q14,D0339,APM and skill expression,"Hybrid roles, tanking, and damage",0.04785140786412629,0.0,0.06249306144208018,0.0,0.030162942750328308,0.0,0.009982693242949215
Q14,D0340,Class identity and distinctiveness,Engaging active rotation,0.0,0.0,0.0,0.0,0.0,0.0,0.06642516184856379
Q14,D0341,"Hybrid roles, tanking, and damage",Engaging active rotation,0.0,0.0,0.0,0.0,0.0,0.0,0.0
Q14,D0342,Engaging active rotation,"Hybrid roles, tanking, and damage",0.018437758373764095,0.0,0.0,0.0,0.0,0.10022695775916789,0.0
Q14,D0343,Slow or boring rotation,Energy waiting and downtime,0.0148812456576208,0.0,0.0,0.06539052649999487,0.05243210374432979,0.0,0.0
Q14,D0344,Energy waiting and downtime,Class identity and distinctiveness,0.0,0.0,0.0,0.0,0.17509631499668518,0.0,0.0
Q14,D0345,Slow or boring rotation,Class identity and distinctiveness,0.0,0.0,0.0,0.41441519096980034,0.0,0.0,0.0
Q14,D0346,"Hybrid roles, tanking, and damage",Engaging active rotation,0.0,0.0,0.0,0.0,0.0,0.0,0.0
Q14,D0347,"Powershifting, engagement, and identity",Class identity and distinctiveness,0.0,0.39349568863949086,0.0,0.0,0.0,0.0,0.0
Q14,D0348,Energy waiting and downtime,Class identity and distinctiveness,0.0,0.0,0.0,0.0,0.09837826129028558,0.0,0.0
Q14,D0349,Class identity and distinctiveness,Engaging active rotation,0.0,0.0,0.0,0.0,0.0,0.0,0.2298508637774472
Q14,D0350,Class identity and distinctiveness,"Powershifting, engagement, and identity",0.06203244674113139,0.12070363638635556,0.0,0.0,0.0,0.0,0.1232892488763889
Q14,D0351,"Hybrid roles, tanking, and damage",Engaging active rotation,0.0,0.0,0.0,0.0,0.0,0.0,0.0
Q14,D0352,Class identity and distinctiveness,Engaging active rotation,0.0,0.0,0.0,0.0,0.0,0.0,0.10653638408648161
Q14,D0353,Energy waiting and downtime,"Hybrid roles, tanking, and damage",0.04599239636403928,0.0,0.0,0.0,0.0747800166048877,0.0,0.0
Q14,D0354,Slow or boring rotation,"Powershifting, engagement, and identity",0.0,0.20775586324507953,0.0,0.34434651832201163,0.0,0.0,0.0
Q14,D0355,Engaging active rotation,"Hybrid roles, tanking, and damage",0.07199333746627104,0.0,0.0,0.0,0.0,0.07361635546809162,0.0
Q14,D0356,"Hybrid roles, tanking, and damage",Energy waiting and downtime,0.04716246497795816,0.0,0.0,0.0,0.018697437081027966,0.0,0.0
Q14,D0357,"Hybrid roles, tanking, and damage",APM and skill expression,0.04866280630134099,0.0,0.019185475473949883,0.0,0.0,0.0,0.0
Q14,D0358,"Hybrid roles, tanking, and damage",Engaging active rotation,0.1318686380753075,0.0,0.0,0.0,0.0,0.06135011020679322,0.0
Q14,D0359,"Powershifting, engagement, and identity",Energy waiting and downtime,0.0,0.12153600812654734,0.0,0.0,0.0060549609766606905,0.005728502130234003,0.0
Q14,D0360,"Powershifting, engagement, and identity",Energy waiting and downtime,0.009199143571502812,0.10564298773372115,0.0,0.0,0.08005288560352564,0.0,0.0
Q14,D0361,"Hybrid roles, tanking, and damage",Class identity and distinctiveness,0.012850805582823662,0.0,0.0,0.0,0.0,0.0,0.008256754023751391
Q14,D0362,Class identity and distinctiveness,"Hybrid roles, tanking, and damage",0.023189230279083466,0.0,0.0,0.0,0.0,0.0,0.10068176161098921
Q14,D0363,APM and skill expression,Energy waiting and downtime,0.0,0.0,0.023916080160294426,0.0,0.005649232403911765,0.0,0.0
Q14,D0364,"Hybrid roles, tanking, and damage",Slow or boring rotation,0.16460777832705878,0.0,0.0,0.042632360979883,0.0,0.023961608828036936,0.0
Q14,D0365,"Powershifting, engagement, and identity",Energy waiting and downtime,0.0,0.1333094189075939,0.0,0.0,0.01197873308569059,0.0,0.0
Q14,D0366,"Hybrid roles, tanking, and damage",Engaging active rotation,0.0,0.0,0.0,0.0,0.0,0.0,0.0
Q14,D0367,"Hybrid roles, tanking, and damage",Class identity and distinctiveness,0.0309396277467667,0.0,0.0,0.0,0.0016972653399270157,0.0,0.011776670690789866
Q14,D0368,"Hybrid roles, tanking, and damage",Class identity and distinctiveness,0.11357266261579445,0.0,0.0,0.0,0.0,0.0,0.03327959811442253
Q14,D0369,"Powershifting, engagement, and identity",APM and skill expression,0.016068675039087713,0.061799760632377805,0.02029826854353823,0.0,0.006667788164071738,0.002865044126990502,0.0
Q14,D0370,Energy waiting and downtime,"Hybrid roles, tanking, and damage",0.0207799782024735,0.0,0.0,0.0,0.02146917713473551,0.0,0.0
Q14,D0371,Energy waiting and downtime,Class identity and distinctiveness,0.028272527047781475,0.0,0.0010410687220245181,0.0,0.10725058122960371,0.0,0.0414228473004039
Q14,D0372,Energy waiting and downtime,Class identity and distinctiveness,0.028669631844186853,0.0,0.0,0.0,0.08873702919424571,0.0,0.06328803614909413
Q14,D0373,Energy waiting and downtime,Class identity and distinctiveness,0.0,0.0,0.0,0.0,0.058694499510902484,0.0,0.0
Q14,D0374,"Hybrid roles, tanking, and damage",Engaging active rotation,0.0,0.0,0.0,0.0,0.0,0.0,0.0
Q14,D0375,Class identity and distinctiveness,"Powershifting, engagement, and identity",0.0,0.06467959244129134,0.0,0.0,0.00838903314300331,0.0,0.12988679690650953
Q14,D0376,"Powershifting, engagement, and identity",Class identity and distinctiveness,0.0,0.08778816021506752,0.0,0.0,0.0,0.0,0.0
Q14,D0377,Class identity and distinctiveness,"Powershifting, engagement, and identity",0.0,0.04212988751993092,0.0,0.0,0.0,0.0,0.13227471066411875
Q14,D0378,Slow or boring rotation,Energy waiting and downtime,0.0,0.0,0.0,0.0688952297927054,0.0005380089230456295,0.0,0.0
Q14,D0379,"Powershifting, engagement, and identity",Class identity and distinctiveness,0.0,0.11085712337814813,0.0,0.0,0.0,0.0,0.07490457256538104
Q14,D0380,Class identity and distinctiveness,"Powershifting, engagement, and identity",0.01542746959028652,0.041903765579525305,0.0,0.0,0.0,0.03984379873866166,0.0441785870739615
Q14,D0381,"Hybrid roles, tanking, and damage",Engaging active rotation,0.13869533542194395,0.0,0.0,0.0,0.015844888327401618,0.018547723418122657,0.0036979906422683236
Q14,D0382,"Hybrid roles, tanking, and damage",Class identity and distinctiveness,0.10861861612924126,0.0,0.0,0.0,0.0,0.0,0.0
Q14,D0383,APM and skill expression,"Powershifting, engagement, and identity",0.000490435679153206,0.03689624132931745,0.11543544396807413,0.0,0.0,0.0,0.016744874959259855
Q14,D0384,"Hybrid roles, tanking, and damage",Class identity and distinctiveness,0.005542281439768146,0.0,0.0,0.0,0.0,0.0,0.0
Q14,D0385,"Powershifting, engagement, and identity",Class identity and distinctiveness,0.040624412092483436,0.06533999964272574,0.0,0.0,0.0,0.029372011371415475,0.06235502600966953
Q14,D0386,Class identity and distinctiveness,"Powershifting, engagement, and identity",0.02314118481453055,0.0447580494122013,0.0,0.0,0.0,0.0,0.1196812592613088
Q14,D0387,"Powershifting, engagement, and identity","Hybrid roles, tanking, and damage",0.016810874252204327,0.05887746734332609,0.0,0.0,0.0,0.0,0.0
Q14,D0388,"Hybrid roles, tanking, and damage",Engaging active rotation,0.0,0.0,0.0,0.0,0.0,0.0,0.0
Q14,D0389,"Hybrid roles, tanking, and damage",Engaging active rotation,0.0,0.0,0.0,0.0,0.0,0.0,0.0
Q14,D0390,APM and skill expression,"Hybrid roles, tanking, and damage",0.04603298742849282,0.0,0.17399538666436984,0.0,0.0,0.03668113582818059,0.0
Q14,D0391,Energy waiting and downtime,Class identity and distinctiveness,0.0,0.0,0.0,0.0,0.04790684436700095,0.0,0.0004480645822791149
Q14,D0392,APM and skill expression,Energy waiting and downtime,0.0,0.0,0.09079557749446963,0.0,0.06025795574424336,0.0,0.0
Q14,D0393,Energy waiting and downtime,Class identity and distinctiveness,0.0,0.0,0.0,0.0,0.12072301347786671,0.0,0.0
Q14,D0394,"Hybrid roles, tanking, and damage",Class identity and distinctiveness,0.040890317488012605,0.0,0.0,0.0,0.0,0.0,0.0
Q14,D0395,Class identity and distinctiveness,Engaging active rotation,0.0,0.0,0.0,0.0,0.0,0.0,0.04919159537714974
Q14,D0396,"Hybrid roles, tanking, and damage",Class identity and distinctiveness,0.0012581926263697761,0.0,0.0,0.0,0.0,0.0,0.0
Q14,D0397,Energy waiting and downtime,"Hybrid roles, tanking, and damage",0.012812599294001447,0.0,0.0,0.0,0.0717432662630575,0.0,0.0
Q14,D0398,Energy waiting and downtime,Engaging active rotation,0.0,0.0,0.0,0.0,0.031039689095771962,0.009398914653248608,0.0
Q14,D0399,Class identity and distinctiveness,Engaging active rotation,0.0,0.0,0.0,0.0,0.0,0.0,0.16199031316787293
Q14,D0400,Engaging active rotation,Class identity and distinctiveness,0.001281502976494008,0.0,0.0,0.0,0.0,0.17183491959578043,0.03599646974372974
Q14,D0401,Energy waiting and downtime,Class identity and distinctiveness,0.0,0.0,0.0,0.0,0.21465164997248135,0.0,0.0
Q14,D0402,APM and skill expression,Class identity and distinctiveness,0.0,0.0,0.35368208066193024,0.0,0.0,0.0,0.0
Q14,D0403,"Hybrid roles, tanking, and damage",Class identity and distinctiveness,0.02646055406077097,0.0,0.0,0.0,0.0,0.0,0.0
Q14,D0404,APM and skill expression,Engaging active rotation,0.0,0.0,0.19301849216246159,0.0,0.0,0.004645692006379606,0.0
Q14,D0405,"Hybrid roles, tanking, and damage",Class identity and distinctiveness,0.043410146212031736,0.0,0.0,0.0,0.0,0.0,0.0
Q14,D0406,"Hybrid roles, tanking, and damage",Energy waiting and downtime,0.06429917250858556,0.02351149034874391,0.0,0.0,0.04636567641588265,0.023321969017018135,0.01924073574817053
Q14,D0407,Class identity and distinctiveness,"Powershifting, engagement, and identity",0.006532011463451106,0.0327541664587005,0.0,0.0,0.0,0.0,0.08765354762324618
Q14,D0408,"Hybrid roles, tanking, and damage","Powershifting, engagement, and identity",0.06485624197955739,0.041890608012447615,0.0,0.0,0.0010050292154908564,0.0,0.0
Q14,D0409,"Powershifting, engagement, and identity",Class identity and distinctiveness,0.0,0.05435136531718107,0.0,0.0,0.0,0.0,0.0
Q14,D0410,Energy waiting and downtime,Class identity and distinctiveness,0.0,0.0,0.0,0.0,0.10860640260193938,0.0,0.0
Q14,D0411,APM and skill expression,Slow or boring rotation,0.0,0.0,0.12321491551782379,0.10895792355419334,0.0,0.054953110162387596,0.013947599708894034
Q14,D0412,"Hybrid roles, tanking, and damage",Engaging active rotation,0.0,0.0,0.0,0.0,0.0,0.0,0.0
Q14,D0413,"Hybrid roles, tanking, and damage",Class identity and distinctiveness,0.12379003223534223,0.0,0.0,0.0,0.0,0.0,0.0
Q14,D0414,"Hybrid roles, tanking, and damage",Class identity and distinctiveness,0.05069046455353216,0.0,0.0,0.0,0.0,0.0023459029952452993,0.006722200139608014
Q14,D0415,"Hybrid roles, tanking, and damage",Energy waiting and downtime,0.06854990383362049,0.014039568223796194,0.02266571391939566,0.0,0.0227273178804455,0.01120513131057797,0.0
Q14,D0416,"Hybrid roles, tanking, and damage",Class identity and distinctiveness,0.049783373356484854,0.0,0.0,0.0,0.0,0.0,0.0
Q14,D0417,Engaging active rotation,Energy waiting and downtime,0.0,0.0,0.0,0.0,0.05231372351985118,0.08004289102386972,0.0
Q14,D0418,Energy waiting and downtime,Class identity and distinctiveness,0.0,0.0,0.0,0.0,0.21134020374588494,0.0,0.0
Q14,D0419,"Hybrid roles, tanking, and damage",Class identity and distinctiveness,0.134810548394243,0.011107456976962854,0.0009262801055865828,0.0,0.005402453542794432,0.0,0.02772993337610563
Q14,D0420,Energy waiting and downtime,Class identity and distinctiveness,0.0,0.0,0.0,0.0,0.14809461929104772,0.0,0.0
Q14,D0421,Class identity and distinctiveness,"Hybrid roles, tanking, and damage",0.03433189751415912,0.0,0.0,0.0,0.0,0.0,0.233908000511647
Q14,D0422,Engaging active rotation,Class identity and distinctiveness,0.0,0.0,0.0,0.0,0.0,0.2947750948856651,0.0
Q14,D0423,Energy waiting and downtime,"Hybrid roles, tanking, and damage",0.006501087744053471,0.0,0.0,0.0,0.12890778318905002,0.0016349467966383913,0.0
Q14,D0424,"Powershifting, engagement, and identity",Energy waiting and downtime,0.006992761390110137,0.04135720899584229,0.0325338455223236,0.0,0.03360253956957403,0.0,0.0
Q14,D0425,Engaging active rotation,Energy waiting and downtime,0.0,0.0,0.0,0.0,0.004173090530807676,0.2002147019003244,0.0
Q14,D0426,Class identity and distinctiveness,"Powershifting, engagement, and identity",0.043472302790760683,0.05448523581583131,0.0,0.0,0.0,0.0,0.06503441125171143
Q14,D0427,"Hybrid roles, tanking, and damage",Class identity and distinctiveness,0.036600062525905114,0.0,0.0,0.0,0.0,0.0,0.0
Q14,D0428,"Hybrid roles, tanking, and damage",Class identity and distinctiveness,0.15567962081562942,0.0,0.0,0.0,0.0,0.0,0.0
Q14,D0429,"Hybrid roles, tanking, and damage",Class identity and distinctiveness,0.10529426744599041,0.0,0.0,0.0,0.0,0.0,0.0
Q14,D0430,"Hybrid roles, tanking, and damage","Powershifting, engagement, and identity",0.04440204505712322,0.040550324219327985,0.015886404471192335,0.0,0.037606596540902995,0.0,0.0
Q14,D0431,Class identity and distinctiveness,Engaging active rotation,0.0,0.0,0.0,0.0,0.0,0.0,0.25527530375040475
Q14,D0432,"Powershifting, engagement, and identity",Class identity and distinctiveness,0.012972008331469675,0.01833314641862765,0.0,0.0,0.0,0.0,0.016208827343332833
Q14,D0433,"Hybrid roles, tanking, and damage",Energy waiting and downtime,0.10497182224268456,0.011674207030541464,0.0,0.0,0.052111296141398644,0.0,0.0
Q14,D0434,"Powershifting, engagement, and identity","Hybrid roles, tanking, and damage",0.025523731481521903,0.05234052239398445,0.0,0.0,0.0,0.0,0.0
Q14,D0435,Class identity and distinctiveness,Engaging active rotation,0.0,0.0,0.0,0.0,0.0,0.0,0.22265100103357874
Q14,D0436,Energy waiting and downtime,"Hybrid roles, tanking, and damage",0.01200876910536227,0.0,0.0,0.0,0.0820474209370067,0.0,0.0
Q14,D0437,"Hybrid roles, tanking, and damage",Class identity and distinctiveness,0.06811967856202238,0.0,0.0,0.0,0.0,0.0,0.037822307644981325
Q14,D0438,Class identity and distinctiveness,"Powershifting, engagement, and identity",0.04282945956182321,0.05314923257364763,0.0,0.04392646162770239,0.04196032965951754,0.0,0.05925553474074552
Q14,D0439,Slow or boring rotation,Energy waiting and downtime,0.0,0.0,0.0,0.05938262070056449,0.013204716292361383,0.0,0.0
Q14,D0440,"Hybrid roles, tanking, and damage",Energy waiting and downtime,0.02703062896508187,0.0,0.0,0.0,0.014005808865955382,0.0,0.0
Q14,D0441,"Hybrid roles, tanking, and damage",Class identity and distinctiveness,0.13868614488500516,0.005853696368132137,0.007357549987563397,0.0,0.0,0.010765547349466229,0.03750370928650748
Q14,D0442,"Powershifting, engagement, and identity","Hybrid roles, tanking, and damage",0.05684138574544919,0.16275477038726535,0.0,0.0,0.0,0.0,0.0
Q14,D0443,Energy waiting and downtime,"Hybrid roles, tanking, and damage",0.009378281293140295,0.0,0.003472866393201954,0.0,0.07553348799846306,0.0,0.0
Q14,D0444,"Hybrid roles, tanking, and damage",Class identity and distinctiveness,0.05775974425360052,0.021102170220860927,0.0,0.0,0.013089044006574612,0.026248594309445376,0.05529741667796062
Q14,D0445,APM and skill expression,"Powershifting, engagement, and identity",0.012951777262470168,0.033519993331667414,0.08381932550455576,0.0,0.009293653938330905,0.01814198115996932,0.009742496908587655
Q14,D0446,Engaging active rotation,"Powershifting, engagement, and identity",0.0,0.04405264780675034,0.0,0.0,0.018918021827365804,0.08220931952884696,0.0
Q14,D0447,"Hybrid roles, tanking, and damage",Class identity and distinctiveness,0.07008423626446202,0.017137700814641922,0.029384730336164653,0.0,0.021729924776460473,0.0015420453055707882,0.03189775782488938
Q14,D0448,Engaging active rotation,"Hybrid roles, tanking, and damage",0.06347756707794483,0.0,0.0,0.0,0.0,0.18725933683717166,0.0
Q14,D0449,"Hybrid roles, tanking, and damage",Engaging active rotation,0.0,0.0,0.0,0.0,0.0,0.0,0.0
Q14,D0450,"Hybrid roles, tanking, and damage",Engaging active rotation,0.0,0.0,0.0,0.0,0.0,0.0,0.0
Q14,D0451,Engaging active rotation,"Hybrid roles, tanking, and damage",0.036368874604714094,0.03406858152295944,0.0,0.0,0.0,0.04629929108938418,0.0
Q14,D0452,"Hybrid roles, tanking, and damage","Powershifting, engagement, and identity",0.1253229906563639,0.038971292876667195,0.0,0.0,0.006897708047501289,0.0,0.0
Q14,D0453,"Hybrid roles, tanking, and damage",Energy waiting and downtime,0.06961493270262274,0.024239332618710138,0.0,0.0,0.048204150547191085,0.021696688205866364,0.042711122916129926
Q14,D0454,Energy waiting and downtime,APM and skill expression,0.0,0.0,0.014510014578580248,0.0,0.03224378754049165,0.00038921987763287474,0.0
Q14,D0455,"Hybrid roles, tanking, and damage",Class identity and distinctiveness,0.11087206605975856,0.0,0.0,0.0,0.0,0.0,0.0
Q14,D0456,Engaging active rotation,"Hybrid roles, tanking, and damage",0.022959588186529146,0.021709039940055543,0.0,0.0,0.014912556898378488,0.1515733993240395,0.0
Q14,D0457,"Hybrid roles, tanking, and damage",Class identity and distinctiveness,0.049498883039046676,0.0,0.0,0.0,0.0,0.0,0.0
Q14,D0458,"Hybrid roles, tanking, and damage",Energy waiting and downtime,0.10026255677127915,0.0,0.0,0.0,0.023137211402038164,0.02160021304343465,0.0
Q14,D0459,"Hybrid roles, tanking, and damage",Engaging active rotation,0.04879752400879496,0.01382912159454835,0.0,0.0,0.0,0.020360956523299962,0.0
Q14,D0460,"Hybrid roles, tanking, and damage","Powershifting, engagement, and identity",0.1172143457164498,0.0951162814284319,0.0,0.0,0.0,0.0,0.0
Q14,D0461,Class identity and distinctiveness,"Hybrid roles, tanking, and damage",0.008336200647980246,0.0,0.0,0.0,0.0,0.0,0.034503356806610624
Q14,D0462,Energy waiting and downtime,Engaging active rotation,0.029380178044111693,0.0,0.0,0.0,0.11458182453364114,0.03033268669393051,0.0
Q14,D0463,Class identity and distinctiveness,"Hybrid roles, tanking, and damage",0.03934015268192094,0.0,0.0,0.0,0.0,0.0,0.1571638276650529
Q14,D0464,Class identity and distinctiveness,"Powershifting, engagement, and identity",0.0,0.06118220257262977,0.0,0.0,0.0,0.0,0.07143428232237865
Q14,D0465,Energy waiting and downtime,Class identity and distinctiveness,0.0,0.0,0.0,0.0,0.03633932244633216,0.0,0.0
Q14,D0466,Slow or boring rotation,Engaging active rotation,0.0,0.0,0.0,0.13234276497955658,0.0013165837029401018,0.07586375864742027,0.0
Q14,D0467,"Hybrid roles, tanking, and damage",Class identity and distinctiveness,0.1383163440757087,0.0,0.0,0.0,0.0,0.0,0.0
Q14,D0468,Class identity and distinctiveness,"Hybrid roles, tanking, and damage",0.01931776982403582,0.0,0.0,0.0,0.0,0.0,0.04441666823585731
Q14,D0469,APM and skill expression,"Powershifting, engagement, and identity",0.01326862967305233,0.04537485452787258,0.11167054783950263,0.0,0.0,0.010885931583191285,0.002183220209026152
Q14,D0470,Slow or boring rotation,Class identity and distinctiveness,0.0,0.0,0.0,0.41441519096980034,0.0,0.0,0.0
Q14,D0471,Energy waiting and downtime,Engaging active rotation,0.0,0.0037980780977300566,0.0,0.0,0.07243972768658695,0.01857686251076994,0.0
Q14,D0472,"Powershifting, engagement, and identity",Energy waiting and downtime,0.0,0.0456387347754239,0.0,0.0,0.04452094009765451,0.02443423811974159,0.0
Q14,D0473,Engaging active rotation,"Hybrid roles, tanking, and damage",0.02578720624220489,0.0,0.0,0.0,0.0,0.0785183008956334,0.0
Q14,D0474,"Powershifting, engagement, and identity","Hybrid roles, tanking, and damage",0.0030986581935474006,0.045887467225687664,0.0,0.0,0.0,0.0,0.0
Q14,D0475,"Hybrid roles, tanking, and damage",Energy waiting and downtime,0.1321690145286403,0.020412640602070816,0.0,0.0,0.03105044774659224,0.012874018334050195,0.0013031768742992895
Q14,D0476,Energy waiting and downtime,Class identity and distinctiveness,0.0,0.0,0.0,0.0,0.09878870958051912,0.0,0.0
Q14,D0477,"Powershifting, engagement, and identity",Energy waiting and downtime,0.015760767610477698,0.05614157253746567,0.0,0.0,0.03802306957714024,0.030107304023392577,0.005768645104075209
Q14,D0478,Energy waiting and downtime,Engaging active rotation,0.0,0.0037980780977300566,0.0,0.0,0.07243972768658695,0.01857686251076994,0.0
Q14,D0479,APM and skill expression,Energy waiting and downtime,0.0,0.0,0.21372325040672582,0.0,0.05313591484189606,0.0,0.0
Q14,D0480,Class identity and distinctiveness,"Powershifting, engagement, and identity",0.0,0.03860188687785333,0.0,0.0,0.0,0.0,0.08285980297808898
Q14,D0481,Class identity and distinctiveness,"Powershifting, engagement, and identity",0.0011583025513236425,0.08043031160932845,0.0,0.0,0.07789534337223666,0.00030709478708098117,0.08721183431520423
Q14,D0482,Class identity and distinctiveness,"Hybrid roles, tanking, and damage",0.001468298231904239,0.0,0.0,0.0,0.0,0.0,0.04033821422955931
Q14,D0483,"Hybrid roles, tanking, and damage",Class identity and distinctiveness,0.0018673645506791408,0.0,0.0,0.0,0.0,0.0,0.0
Q14,D0484,Energy waiting and downtime,APM and skill expression,0.0,0.0,0.013082262114487833,0.0,0.07961565214717767,0.0,0.0
Q14,D0485,Class identity and distinctiveness,"Hybrid roles, tanking, and damage",0.03872435084023999,0.01889979659673753,0.0,0.0,0.02468990898367463,0.0,0.06591414148923196
Q14,D0486,"Hybrid roles, tanking, and damage",Energy waiting and downtime,0.015460300984282742,0.0,0.0,0.0,0.01258230968373092,0.0,0.0
Q14,D0487,"Powershifting, engagement, and identity",Class identity and distinctiveness,0.0,0.1592454883331969,0.0,0.0,0.0,0.0,0.0
Q14,D0488,Engaging active rotation,APM and skill expression,0.0,0.0,0.03886672263225038,0.0,0.0001321862845901729,0.10232646770281247,0.0
Q14,D0489,Energy waiting and downtime,Class identity and distinctiveness,0.0,0.0,0.0,0.0,0.09410037537088893,0.0,0.0
Q14,D0490,Energy waiting and downtime,"Hybrid roles, tanking, and damage",0.00856393150517688,0.0,0.0,0.0,0.07841605842095771,0.0,0.0
Q14,D0491,Energy waiting and downtime,APM and skill expression,0.003988312016979867,0.0,0.02056559302770696,0.0,0.04136146731096669,0.01222824527368434,0.0
Q14,D0492,Engaging active rotation,"Hybrid roles, tanking, and damage",0.022222365479788942,0.020103327578419816,0.0,0.0,0.001050866136470834,0.0442234891649761,0.016887634719452652
Q14,D0493,"Hybrid roles, tanking, and damage",Energy waiting and downtime,0.04719706487186261,0.0,0.0,0.0,0.013311514331410984,0.0,0.0
Q14,D0494,"Powershifting, engagement, and identity",Class identity and distinctiveness,0.0,0.11090646900263892,0.0,0.0,0.0,0.0,0.07449470784766707
Q14,D0495,Energy waiting and downtime,APM and skill expression,0.0,0.0,0.039216027304434034,0.0,0.04554021937447943,0.0,0.0
Q14,D0496,Energy waiting and downtime,"Hybrid roles, tanking, and damage",0.03498178895322225,0.01854229794883263,0.004114060768075424,0.0,0.06980623692995186,0.021644394169245188,0.014848003905197785
Q14,D0497,Energy waiting and downtime,"Hybrid roles, tanking, and damage",0.003857113652225546,0.0,0.0,0.0,0.008922848274434703,0.0,0.00033221132038063094
Q14,D0498,"Hybrid roles, tanking, and damage",Class identity and distinctiveness,0.020536568459347256,0.0,0.0,0.0,0.0,0.0,0.0
Q14,D0499,Slow or boring rotation,Engaging active rotation,0.0,0.030470369081393688,0.0,0.06660465260307429,0.0,0.04317203876127475,0.0
Q14,D0500,"Hybrid roles, tanking, and damage",Energy waiting and downtime,0.0801836523979186,0.0,0.0,0.0,0.0022004262802903128,0.0,0.0
Q14,D0501,Energy waiting and downtime,"Powershifting, engagement, and identity",0.0,0.06810154202770818,0.0,0.0,0.11944833937592188,0.05199155673356492,0.0
Q14,D0502,Energy waiting and downtime,Engaging active rotation,0.04653056739049125,0.031963003926394236,0.0,0.0,0.093724624122983,0.08750339600269556,0.004149289623809109
Q14,D0503,"Hybrid roles, tanking, and damage",Class identity and distinctiveness,0.08854807594627433,0.02162268831490547,0.0,0.0,0.001682522491914769,0.0,0.02702275844536463
Q14,D0504,"Hybrid roles, tanking, and damage",Class identity and distinctiveness,0.007316140336166191,0.0,0.0,0.0,0.0,0.0,0.0
Q14,D0505,Energy waiting and downtime,"Hybrid roles, tanking, and damage",0.015097193642300112,0.0,0.0,0.0,0.10433568683155299,0.0,0.0
Q14,D0506,Energy waiting and downtime,"Hybrid roles, tanking, and damage",0.03999213495921624,0.0,0.0,0.0,0.08325875178331915,0.0,0.004287084464569811
Q14,D0507,Engaging active rotation,"Hybrid roles, tanking, and damage",0.008728639304644223,0.0,0.005202106858872,0.0,0.0,0.011190278803181117,0.0
Q14,D0508,APM and skill expression,Engaging active rotation,0.0,0.0,0.04987502641689041,0.0,0.004747528070560243,0.025668499719628143,0.0
Q14,D0509,Energy waiting and downtime,"Hybrid roles, tanking, and damage",0.021739622183236766,0.0,0.0,0.01626973900577028,0.029760631516025347,0.0,0.0
Q14,D0510,Engaging active rotation,Class identity and distinctiveness,0.0,0.0,0.0,0.00831628424051642,0.021796761392643475,0.130306032620696,0.06458065815503126
Q14,D0511,"Hybrid roles, tanking, and damage",Engaging active rotation,0.0,0.0,0.0,0.0,0.0,0.0,0.0
Q14,D0512,Class identity and distinctiveness,APM and skill expression,0.0,0.0,0.15271550238778678,0.0,0.0,0.05704482697679565,0.16989410568413457
Q14,D0513,"Hybrid roles, tanking, and damage",Class identity and distinctiveness,0.13659172504513414,0.0,0.0,0.0,0.0,0.0,0.0
Q14,D0514,Energy waiting and downtime,"Powershifting, engagement, and identity",0.0,0.0540270129306464,0.0,0.0,0.07384983778449315,0.0,0.0
Q14,D0515,"Powershifting, engagement, and identity",Class identity and distinctiveness,0.03955847780540581,0.0530764151039938,0.0,0.0,0.019921610672906088,0.0,0.041341523313308974
Q14,D0516,Engaging active rotation,Energy waiting and downtime,0.0,0.0,0.0,0.0,0.0013374065480370948,0.12155688849179988,0.0
Q14,D0517,"Hybrid roles, tanking, and damage",Class identity and distinctiveness,0.016984281130587035,0.0,0.0,0.0,0.0,0.0,0.0
Q14,D0518,Engaging active rotation,"Hybrid roles, tanking, and damage",0.005392129002281424,0.0,0.0,0.0,0.000248666287298451,0.021217601711746,0.0
Q14,D0519,Engaging active rotation,Slow or boring rotation,0.005129574624007204,0.0372161399160425,0.0,0.06656740023133496,3.693085532201233e-05,0.08696760167902838,0.0
Q14,D0520,"Hybrid roles, tanking, and damage",Engaging active rotation,0.0,0.0,0.0,0.0,0.0,0.0,0.0
Q14,D0521,Energy waiting and downtime,"Powershifting, engagement, and identity",0.016050525345815952,0.030466538504951495,0.0,0.0,0.09058052385627241,0.025823115473072502,0.0
Q14,D0522,Energy waiting and downtime,"Hybrid roles, tanking, and damage",0.009992651590005302,0.0,0.0,0.0,0.06601450371273396,0.0,0.006223398060805963
Q14,D0523,Energy waiting and downtime,Class identity and distinctiveness,0.0,0.0,0.0,0.0,0.0618016105273337,0.0,0.0
Q14,D0524,"Powershifting, engagement, and identity",Class identity and distinctiveness,0.0,0.39349568863949086,0.0,0.0,0.0,0.0,0.0
Q14,D0525,Energy waiting and downtime,Slow or boring rotation,0.0,0.04854259882289792,0.0,0.07129148529757784,0.0783000746300109,0.025330016504968335,0.0
Q14,D0526,Engaging active rotation,Class identity and distinctiveness,0.0,0.0,0.0,0.0,0.0,0.07943814237651584,0.0
Q14,D0527,Engaging active rotation,"Hybrid roles, tanking, and damage",0.0421117183671739,0.005510514751790804,0.0,0.0,0.00876610545541529,0.04329739235945529,0.0
Q14,D0528,APM and skill expression,Energy waiting and downtime,0.016213021892635286,0.03026075760565278,0.10106023972763847,0.0,0.0394018067966836,0.0,0.02934414044471684
Q14,D0529,Energy waiting and downtime,"Powershifting, engagement, and identity",0.02589018963070566,0.03592884818473021,0.0,0.0,0.05136150851828437,0.0,0.0
Q14,D0530,"Hybrid roles, tanking, and damage",Class identity and distinctiveness,0.027077971395609034,0.0,0.0,0.0,0.0,0.0,0.0
Q14,D0531,Class identity and distinctiveness,"Powershifting, engagement, and identity",0.0,0.06835533009097201,0.0,0.0,0.007410429802382506,0.0,0.08731920952539345
Q14,D0532,"Hybrid roles, tanking, and damage",Engaging active rotation,0.0,0.0,0.0,0.0,0.0,0.0,0.0
Q14,D0533,Class identity and distinctiveness,Energy waiting and downtime,0.01307944173708439,0.024082404751591936,0.018789874403074436,0.0,0.03597444762924468,0.0,0.08056133998099982
Q14,D0534,"Powershifting, engagement, and identity",APM and skill expression,0.0,0.054293466039437875,0.019871478620470655,0.0,0.0,0.0,0.0
Q14,D0535,"Hybrid roles, tanking, and damage",Energy waiting and downtime,0.05679015011993828,0.035697913683281374,0.0,0.0,0.04889544434683067,0.0,0.012550859306201045
Q14,D0536,"Hybrid roles, tanking, and damage",Class identity and distinctiveness,0.05396226724431212,0.0,0.0,0.0,0.0,0.0,0.0
Q14,D0537,Energy waiting and downtime,Class identity and distinctiveness,0.0,0.0,0.0,0.0,0.03518982031039625,0.0,0.0
Q14,D0538,Energy waiting and downtime,Class identity and distinctiveness,0.0,0.0,0.0,0.0,0.093615981653987,0.0,0.0
Q14,D0539,Class identity and distinctiveness,"Hybrid roles, tanking, and damage",0.03876688851741882,0.006691573916382074,0.0,0.019784835369119555,0.0,0.0,0.09547100430802405
Q14,D0540,"Hybrid roles, tanking, and damage",Class identity and distinctiveness,0.002792390074331051,0.0,0.0,0.0,0.0,0.0,0.0
Q14,D0541,"Hybrid roles, tanking, and damage",Class identity and distinctiveness,0.041945072164848815,0.0,0.0,0.0,0.0,0.0,0.0
Q14,D0542,"Hybrid roles, tanking, and damage","Powershifting, engagement, and identity",0.1413511713594042,0.045895212847017135,0.029624401995004726,0.0,0.0,0.010675929708336336,0.0
Q14,D0543,Energy waiting and downtime,APM and skill expression,0.0,0.0,0.0019530023118737238,0.0,0.019504049157553296,0.0,0.0
Q14,D0544,Engaging active rotation,Class identity and distinctiveness,0.00455387311071879,0.0,0.0,0.0,0.0,0.043533224629986794,0.02831739638814337
Q14,D0545,Slow or boring rotation,Class identity and distinctiveness,0.0,0.0,0.0,0.41441519096980034,0.0,0.0,0.0
Q14,D0546,"Hybrid roles, tanking, and damage",Engaging active rotation,0.0,0.0,0.0,0.0,0.0,0.0,0.0
Q14,D0547,"Hybrid roles, tanking, and damage",Class identity and distinctiveness,0.03146396518551804,0.0,0.0,0.0,0.0,0.0,0.0
Q14,D0548,Energy waiting and downtime,"Powershifting, engagement, and identity",0.0,0.04087081301157768,0.0,0.0,0.05803188438970009,0.0,0.012134245632935877
Q14,D0549,"Powershifting, engagement, and identity",Class identity and distinctiveness,0.0,0.0758137303735829,0.0,0.0,0.0,0.0,0.0
Q14,D0550,"Hybrid roles, tanking, and damage",Class identity and distinctiveness,0.17954948147659847,0.0,0.0,0.0,0.0,0.0,0.0
Q14,D0551,Class identity and distinctiveness,Engaging active rotation,0.0,0.0,0.0,0.0,0.0,0.0,0.00020686942146068118
Q14,D0552,Energy waiting and downtime,Class identity and distinctiveness,0.0,0.0,0.0,0.0,0.2637438829734683,0.0,0.0
Q14,D0553,"Hybrid roles, tanking, and damage",Class identity and distinctiveness,0.033832680739307765,0.0,0.0,0.0,0.0,0.0,0.011875985897759948
Q14,D0554,"Hybrid roles, tanking, and damage",Class identity and distinctiveness,0.060287809380256484,0.0,0.0,0.0,0.0,0.0,0.0
Q14,D0555,Slow or boring rotation,"Hybrid roles, tanking, and damage",0.07609150269790582,0.03319929806007275,0.0,0.07714398688357912,0.0,0.0,0.0
Q14,D0556,APM and skill expression,"Powershifting, engagement, and identity",0.0,0.21606913374120396,0.28384958508691255,0.0,0.0,0.0,0.0
Q14,D0557,"Hybrid roles, tanking, and damage",Class identity and distinctiveness,0.03677580723632227,0.02118215358528808,0.0,0.0,0.0,0.0,0.023180895225404705
Q14,D0558,"Hybrid roles, tanking, and damage",Engaging active rotation,0.06539168933586036,0.0,0.0,0.0,0.0,0.04641852698820011,0.0
Q14,D0559,"Hybrid roles, tanking, and damage",Engaging active rotation,0.04714944913423157,0.0,0.0,0.0,0.0,0.003119358245908028,0.0
Q14,D0560,"Hybrid roles, tanking, and damage",Slow or boring rotation,0.0968771786560104,0.0,0.0,0.07055849206424948,0.0,0.03527805477066221,0.0
Q14,D0561,Slow or boring rotation,Class identity and distinctiveness,0.0,0.0,0.0,0.14261130966472796,0.0,0.0,0.0009724930271312733
Q14,D0562,"Hybrid roles, tanking, and damage",Class identity and distinctiveness,0.0012465001163828456,0.0,0.0,0.0,0.0,0.0,0.0
Q14,D0563,Slow or boring rotation,Class identity and distinctiveness,0.0,0.043020229182149865,0.0,0.06907332013315952,0.04352367917045275,0.0,0.05380272671965691
Q14,D0564,Engaging active rotation,"Hybrid roles, tanking, and damage",0.05036295428349559,0.0,0.009072108011587069,0.0,0.00663219666303447,0.06038019496916947,0.0
Q14,D0565,"Hybrid roles, tanking, and damage",Engaging active rotation,0.0,0.0,0.0,0.0,0.0,0.0,0.0
Q14,D0566,"Hybrid roles, tanking, and damage",Energy waiting and downtime,0.17102739855982083,0.0,0.0,0.0,0.028951008275282727,0.01840361953091467,0.0
Q14,D0567,APM and skill expression,Engaging active rotation,0.0,0.0,0.120264519364114,0.0,0.0,0.09659427998843519,0.0
Q14,D0568,APM and skill expression,Energy waiting and downtime,0.0019094077868672561,0.0,0.06051148165780747,0.0,0.009943609813605475,0.0,0.0014131923249951688
Q14,D0569,"Hybrid roles, tanking, and damage",Class identity and distinctiveness,0.023906023891440392,0.0,0.0,0.0,0.0,0.0,0.003319133923516553
Q14,D0570,"Hybrid roles, tanking, and damage",Energy waiting and downtime,0.1297799899046692,0.0,0.0,0.0,0.0345404353671989,0.013396990572158207,0.0
Q14,D0571,Energy waiting and downtime,Engaging active rotation,0.000835405815524765,0.0,0.0,0.0,0.004012529104156442,0.0016549960818104997,0.0
Q14,D0572,"Hybrid roles, tanking, and damage",Class identity and distinctiveness,0.08291144780576042,0.0,0.0,0.0,0.0,0.0,0.0
Q14,D0573,Class identity and distinctiveness,Engaging active rotation,0.0,0.0,0.0,0.0,0.015354842594136229,0.021869610747198103,0.14615123065988936
Q14,D0574,"Powershifting, engagement, and identity","Hybrid roles, tanking, and damage",0.005614980376116413,0.07418419686499418,0.0,0.0,0.0,0.0,0.0
Q14,D0575,Energy waiting and downtime,Class identity and distinctiveness,0.0,0.0,0.0,0.0,0.11261857450428342,0.0,0.0
Q14,D0576,"Hybrid roles, tanking, and damage",Class identity and distinctiveness,0.06992621053550999,0.0,0.0,0.0,0.0,0.0,0.0
Q14,D0577,Engaging active rotation,"Hybrid roles, tanking, and damage",0.07998406615197139,0.0,0.0,0.0,0.0,0.11682177059154551,0.0
Q14,D0578,"Hybrid roles, tanking, and damage",Class identity and distinctiveness,0.02497831453523685,0.0,0.0,0.0,0.0,0.0,0.0
Q14,D0579,Engaging active rotation,Class identity and distinctiveness,0.0,0.0,0.0,0.0,0.0,0.20057879813285281,0.0
Q14,D0580,Engaging active rotation,Energy waiting and downtime,0.006331423714822979,0.0,0.0,0.0,0.007156720020685602,0.07743835785047176,0.0
Q14,D0581,"Hybrid roles, tanking, and damage",Engaging active rotation,0.0,0.0,0.0,0.0,0.0,0.0,0.0
Q14,D0582,Energy waiting and downtime,"Powershifting, engagement, and identity",0.0,0.06298060408079544,0.0,0.0,0.06981027234929008,0.0,0.0
Q14,D0583,Energy waiting and downtime,"Hybrid roles, tanking, and damage",0.0023808883371070656,0.0,0.0,0.0,0.048890405268199696,0.0,0.0
Q14,D0584,"Hybrid roles, tanking, and damage",Class identity and distinctiveness,0.03598952763954781,0.0,0.0,0.0,0.0,0.0,0.0
Q14,D0585,"Hybrid roles, tanking, and damage",Engaging active rotation,0.0,0.0,0.0,0.0,0.0,0.0,0.0
Q14,D0586,Engaging active rotation,Class identity and distinctiveness,0.0,0.0,0.0,0.0,0.0,0.007104894151354464,0.0
Q14,D0587,"Hybrid roles, tanking, and damage",Engaging active rotation,0.0,0.0,0.0,0.0,0.0,0.0,0.0
Q14,D0588,Energy waiting and downtime,Class identity and distinctiveness,0.00809473744609634,0.0,0.0,0.0,0.052690687976868184,0.0,0.05201540218300822
Q14,D0589,Energy waiting and downtime,Engaging active rotation,0.0,0.0,0.0,0.0,0.05830126267455807,0.0017934739448908941,0.0
Q14,D0590,Engaging active rotation,Class identity and distinctiveness,0.013577170144394616,0.018236291244644605,0.0,0.0,0.02547356973730605,0.03100188519395257,0.025680527978866514
Q14,D0591,Class identity and distinctiveness,Engaging active rotation,0.0,0.0,0.0,0.0,0.0,0.04220667497718748,0.09961308735253793
Q14,D0592,"Hybrid roles, tanking, and damage",Class identity and distinctiveness,0.09858014306953133,0.0,0.0,0.0,0.0,0.0,0.0
Q14,D0593,Energy waiting and downtime,Class identity and distinctiveness,0.0,0.0,0.0,0.0,0.07870385526521594,0.0,0.0
Q14,D0594,"Hybrid roles, tanking, and damage",Class identity and distinctiveness,0.015653220601921917,0.0,0.0,0.0,0.0,0.0,0.0
Q14,D0595,"Hybrid roles, tanking, and damage",Class identity and distinctiveness,0.028864082390090893,0.0,0.0,0.0,0.0,0.0,0.0
Q14,D0596,APM and skill expression,Energy waiting and downtime,0.0,0.0,0.0677456835463022,0.0,0.038343896709294965,0.0,0.024447616357242515
Q14,D0597,Energy waiting and downtime,APM and skill expression,0.009107720846857272,0.016725900190231673,0.05107618987989225,0.0,0.07746906140651301,0.0,0.0
Q14,D0598,"Hybrid roles, tanking, and damage",Class identity and distinctiveness,0.08038700159767798,0.0,0.0,0.0,0.0,0.0,0.030795220631279974
Q14,D0599,"Powershifting, engagement, and identity",Class identity and distinctiveness,0.02021586020905692,0.07967241066988219,0.0,0.0,0.0,0.0,0.055144658091055024
Q14,D0600,Engaging active rotation,Energy waiting and downtime,0.0,0.0,0.0,0.0,0.0069675381927891,0.029753943300134283,0.0
Q14,D0601,APM and skill expression,Energy waiting and downtime,0.0,0.03640609246026953,0.10191613288001969,0.0,0.05842161202549628,0.031838584858901224,0.036510455904964274
Q14,D0602,APM and skill expression,Class identity and distinctiveness,0.0,0.0,0.13296041184990118,0.0,0.0,0.0,0.0
Q14,D0603,Class identity and distinctiveness,Engaging active rotation,0.0,0.0,0.0,0.0,0.0,0.0,0.06232082004900625
Q14,D0604,Engaging active rotation,"Hybrid roles, tanking, and damage",0.015273804934818008,0.0,0.0,0.0,0.0,0.018324770413835668,0.0
Q14,D0605,"Hybrid roles, tanking, and damage",Engaging active rotation,0.0,0.0,0.0,0.0,0.0,0.0,0.0
Q14,D0606,"Powershifting, engagement, and identity",Energy waiting and downtime,0.0,0.08606490636254191,0.0,0.0,0.023646595754726465,0.0,0.0
Q14,D0607,"Hybrid roles, tanking, and damage",Engaging active rotation,0.0,0.0,0.0,0.0,0.0,0.0,0.0
Q14,D0608,Energy waiting and downtime,"Powershifting, engagement, and identity",0.0,0.09172625472295394,0.0,0.0,0.09188173583956533,0.0,0.005968913780298751
Q14,D0609,"Hybrid roles, tanking, and damage",Engaging active rotation,0.0,0.0,0.0,0.0,0.0,0.0,0.0
Q14,D0610,"Hybrid roles, tanking, and damage",Energy waiting and downtime,0.03656432099990504,0.0,0.0,0.0,0.0009321726765515563,0.0,0.0
Q14,D0611,Energy waiting and downtime,Class identity and distinctiveness,0.0,0.0,0.0,0.0,0.08712250507233248,0.0,0.042163142212025745
Q14,D0612,"Hybrid roles, tanking, and damage",Class identity and distinctiveness,0.08337470843834534,0.0,0.0,0.0,0.0,0.0,0.0
Q14,D0613,"Hybrid roles, tanking, and damage",Class identity and distinctiveness,0.038967771998396634,0.0,0.0,0.0,0.0,0.0,0.012948756558653123
Q14,D0614,"Hybrid roles, tanking, and damage",Engaging active rotation,0.0,0.0,0.0,0.0,0.0,0.0,0.0
Q14,D0615,Engaging active rotation,Class identity and distinctiveness,0.008902687444657708,0.0,0.023412983632540362,0.0,0.003113204470367289,0.06445496812993333,0.04080714098867452
Q14,D0616,"Hybrid roles, tanking, and damage","Powershifting, engagement, and identity",0.12668253290333265,0.04866336594745507,0.0,0.0,0.004608160439882877,0.0,0.0
Q14,D0617,Energy waiting and downtime,"Powershifting, engagement, and identity",0.0,0.03336443643778159,0.0,0.0,0.10237610049752463,0.0,0.0
Q14,D0618,"Hybrid roles, tanking, and damage",Class identity and distinctiveness,0.012881779286396474,0.0,0.0,0.0,0.0,0.0,0.0
Q14,D0619,"Hybrid roles, tanking, and damage",Engaging active rotation,0.0,0.0,0.0,0.0,0.0,0.0,0.0
Q14,D0620,"Powershifting, engagement, and identity",Class identity and distinctiveness,0.0,0.09453167070612804,0.0,0.0,0.0,0.0,0.078247196811465
Q14,D0621,"Hybrid roles, tanking, and damage",Class identity and distinctiveness,0.115870854040854,0.0,0.0,0.0,0.0,0.0,0.0
Q14,D0622,"Powershifting, engagement, and identity",Class identity and distinctiveness,0.0,0.13432143045940723,0.0,0.0,0.0,0.0,0.0
Q14,D0623,"Hybrid roles, tanking, and damage",Class identity and distinctiveness,0.060971860868648114,0.0,0.0,0.0,0.0,0.0,0.0
Q14,D0624,"Powershifting, engagement, and identity",Class identity and distinctiveness,0.0,0.06428743961715334,0.0,0.0,0.008470068624797414,0.0,0.0263169546941038
Q14,D0625,APM and skill expression,Energy waiting and downtime,0.015549493921481722,0.015961452534712588,0.05784483066389937,0.0,0.057010322058583446,0.022337235787066714,0.0
Q14,D0626,Class identity and distinctiveness,"Hybrid roles, tanking, and damage",0.013918149903927642,0.0,0.0,0.0,0.0,0.0,0.06715687667589974
Q14,D0627,"Hybrid roles, tanking, and damage",Class identity and distinctiveness,0.08332140030748222,0.0,0.0,0.0,0.0,0.0,0.0
Q14,D0628,"Hybrid roles, tanking, and damage",Energy waiting and downtime,0.05706166003383617,0.03716848677226701,0.0,0.0,0.03743887399335011,0.0,0.030673543091339177
Q14,D0629,"Hybrid roles, tanking, and damage",Engaging active rotation,0.0,0.0,0.0,0.0,0.0,0.0,0.0
Q14,D0630,APM and skill expression,Class identity and distinctiveness,0.0,0.0,0.35368208066193024,0.0,0.0,0.0,0.0
Q14,D0631,"Hybrid roles, tanking, and damage",Class identity and distinctiveness,0.06101381364540764,0.0,0.0,0.0,0.0,0.0,0.0
Q14,D0632,"Powershifting, engagement, and identity","Hybrid roles, tanking, and damage",0.020672159035276767,0.04922718805003593,0.0,0.0,0.0,0.0,0.0
Q14,D0633,Slow or boring rotation,Class identity and distinctiveness,0.0,0.0,0.0,0.21546117221527863,0.0,0.0,0.0
Q14,D0634,"Hybrid roles, tanking, and damage",Engaging active rotation,0.05647712927243793,0.0,0.0,0.0,0.0,0.03634100004157984,0.0
Q14,D0635,Class identity and distinctiveness,Engaging active rotation,0.0,0.0,0.0,0.0,0.0,0.0,0.0761454253899016
Q14,D0636,Engaging active rotation,"Hybrid roles, tanking, and damage",0.047934627281408446,0.0,0.0,0.0,0.0,0.05839111173072948,0.01979523163778542
Q14,D0637,"Hybrid roles, tanking, and damage",Class identity and distinctiveness,0.15762715742271913,0.0,0.0,0.0,0.0,0.0,0.0220549440715827
Q14,D0638,APM and skill expression,Class identity and distinctiveness,0.0,0.0,0.14695884230181958,0.0,0.0,0.0,0.0802325314679367
Q14,D0639,"Hybrid roles, tanking, and damage",Energy waiting and downtime,0.07061853069409531,0.0,0.0,0.0,0.010834832101300085,0.0,0.006615924376430957
Q14,D0640,Engaging active rotation,Energy waiting and downtime,0.03139228063555288,0.0,0.024508852110755767,0.0,0.032545984625558015,0.04526251652920314,0.007977675281199316
Q14,D0641,"Hybrid roles, tanking, and damage","Powershifting, engagement, and identity",0.06711935190989034,0.04589128407102975,0.0,0.0,0.0,0.0,0.018029468469742745
Q14,D0642,Engaging active rotation,Class identity and distinctiveness,0.03018473085907523,0.0,0.0,0.0,0.0,0.0371026847673854,0.03175033035390945
Q14,D0643,"Powershifting, engagement, and identity","Hybrid roles, tanking, and damage",0.05846635090390258,0.09887735523319754,0.01395101190846033,0.0,0.0,0.0,0.0
Q14,D0644,Class identity and distinctiveness,"Powershifting, engagement, and identity",0.032487573241032235,0.04504881392479563,0.0,0.0,0.003864121486652086,0.0,0.05043079873198108
Q14,D0645,"Hybrid roles, tanking, and damage",Class identity and distinctiveness,0.1300014617569176,0.0,0.0,0.0,0.0,0.0,0.0
Q14,D0646,Class identity and distinctiveness,"Powershifting, engagement, and identity",0.032531706910243714,0.0406587429907458,0.0,0.0,0.027573913641718597,0.0,0.05452922585342384
Q14,D0647,Class identity and distinctiveness,Engaging active rotation,0.0,0.0,0.0,0.0,0.0,0.0,0.24678643463103786
Q14,D0648,Energy waiting and downtime,"Hybrid roles, tanking, and damage",0.006048742169237558,0.0,0.0,0.0,0.007460653079523026,0.0,0.0
Q14,D0649,Energy waiting and downtime,"Hybrid roles, tanking, and damage",0.02025280256263931,0.0,0.0,0.0,0.04922779302330948,0.004200553398530069,0.0
Q14,D0650,"Hybrid roles, tanking, and damage",Engaging active rotation,0.0,0.0,0.0,0.0,0.0,0.0,0.0
Q14,D0651,APM and skill expression,"Hybrid roles, tanking, and damage",0.0040168674579065655,0.0,0.11721775004181895,0.0,0.0,0.0,0.0034028540371290423
Q14,D0652,"Powershifting, engagement, and identity","Hybrid roles, tanking, and damage",0.056986122568730806,0.0690813859447976,0.0,0.0,0.0,0.0,0.0
Q14,D0653,APM and skill expression,Energy waiting and downtime,0.0,0.0,0.04176104647720807,0.010026521535504037,0.02770091867254898,0.0,0.0
Q14,D0654,APM and skill expression,"Hybrid roles, tanking, and damage",0.01147426267894097,0.0,0.012298223664435629,0.0,0.0,0.0,0.0
Q14,D0655,Class identity and distinctiveness,"Hybrid roles, tanking, and damage",0.003247544753362059,0.0,0.0,0.0,0.0,0.0,0.08573652661043929
Q14,D0656,"Hybrid roles, tanking, and damage",Energy waiting and downtime,0.05878892651439362,0.0,0.0,0.0,0.04109525042740005,0.0,0.0
Q14,D0657,Energy waiting and downtime,Engaging active rotation,0.0,0.0,0.0,0.0,0.172851263056109,0.06048458415064787,0.0
Q14,D0658,"Hybrid roles, tanking, and damage",Slow or boring rotation,0.115877262830966,0.0,0.0,0.06093028648177271,0.0,0.0,0.021000338233332996
Q14,D0659,"Hybrid roles, tanking, and damage",Class identity and distinctiveness,0.02829520152145703,0.0,0.0,0.0,0.0,0.0,0.0
Q14,D0660,Energy waiting and downtime,Class identity and distinctiveness,0.0,0.0,0.0,0.0,0.3263231797375005,0.0,0.0
Q14,D0661,APM and skill expression,"Hybrid roles, tanking, and damage",0.02356470204238222,0.0,0.20894382365687045,0.0,0.0,0.0,0.0
Q14,D0662,"Hybrid roles, tanking, and damage",Class identity and distinctiveness,0.13408097806517907,0.0,0.0,0.0,0.0,0.0,0.0
Q14,D0663,Energy waiting and downtime,Engaging active rotation,0.0,0.0,0.0,0.0,0.10812968623778865,0.023129678064941758,0.0
Q14,D0664,"Hybrid roles, tanking, and damage",Class identity and distinctiveness,0.08259670122311909,0.0,0.0,0.0,0.0,0.0,0.0
Q14,D0665,Engaging active rotation,"Powershifting, engagement, and identity",0.014351142330056745,0.03186594952498873,0.0,0.0,0.0022724450658398554,0.03755349885403033,0.0
Q14,D0666,Engaging active rotation,"Hybrid roles, tanking, and damage",0.03245021200626156,0.0,0.0,0.0,0.0,0.061483638893668396,0.0
Q14,D0667,"Hybrid roles, tanking, and damage",Class identity and distinctiveness,0.05464926496726499,0.0,0.0034440257033414284,0.0,0.0,0.0,0.005630080327242784
Q14,D0668,"Hybrid roles, tanking, and damage",Energy waiting and downtime,0.004683991677223494,0.0,0.0,0.0,0.002776496827345388,0.0,0.0
Q14,D0669,Class identity and distinctiveness,"Powershifting, engagement, and identity",0.002244837046841658,0.03813621394743655,0.0,0.0,0.0,0.0,0.08269254467007324
Q14,D0670,Class identity and distinctiveness,"Hybrid roles, tanking, and damage",0.006398526169170044,0.0,0.0,0.0,0.0,0.0,0.12788487680092564
Q14,D0671,"Hybrid roles, tanking, and damage",Class identity and distinctiveness,0.04238633156746904,0.0,0.0,0.0,0.0,0.0,0.0
Q14,D0672,Energy waiting and downtime,APM and skill expression,0.0,0.0,0.00920427625870809,0.0,0.015624674242397727,0.0,0.0
Q14,D0673,"Hybrid roles, tanking, and damage",Engaging active rotation,0.0,0.0,0.0,0.0,0.0,0.0,0.0
Q14,D0674,"Hybrid roles, tanking, and damage",Class identity and distinctiveness,0.020727654480341633,0.0,0.0,0.0,0.0,0.0,0.0
Q14,D0675,Energy waiting and downtime,"Hybrid roles, tanking, and damage",0.004188697269958146,0.0,0.0,0.0,0.007643089319941311,0.0,0.0
Q14,D0676,Class identity and distinctiveness,Engaging active rotation,0.0016172222563957776,0.0,0.0,0.0,0.0,0.009976647219770512,0.03365588897507469
Q14,D0677,"Powershifting, engagement, and identity",Energy waiting and downtime,0.0,0.07566325171060985,0.0,0.0,0.010151205358964095,0.0,0.0
Q14,D0678,"Hybrid roles, tanking, and damage",Energy waiting and downtime,0.03830587602917346,0.013502117010250824,0.0,0.0,0.0315391228571366,0.0,0.0
Q14,D0679,"Hybrid roles, tanking, and damage",Engaging active rotation,0.11682595332437892,0.0,0.0,0.0,0.0,0.04786336757448137,0.0
Q14,D0680,Engaging active rotation,Class identity and distinctiveness,0.0,0.0,0.0,0.0,0.0,0.08790154918355267,0.0
Q14,D0681,"Hybrid roles, tanking, and damage",Class identity and distinctiveness,0.013996853955052211,0.0,0.0,0.0,0.0,0.0,0.0
Q14,D0682,"Hybrid roles, tanking, and damage",Energy waiting and downtime,0.03235574791931778,0.0,0.0,0.0,0.00012121051097644628,0.0,0.0
Q14,D0683,"Hybrid roles, tanking, and damage",Class identity and distinctiveness,0.03517435361247613,0.0,0.0,0.0,0.0,0.0,0.0
Q14,D0684,APM and skill expression,Energy waiting and downtime,0.0,0.0,0.08409570096398834,0.0,0.016114126664869586,0.0,0.0
Q14,D0685,"Hybrid roles, tanking, and damage",Class identity and distinctiveness,0.057160866702349544,0.0,0.0,0.0,0.0,0.0,0.0
Q14,D0686,"Hybrid roles, tanking, and damage",Class identity and distinctiveness,0.09197428942266248,0.0,0.0,0.0,0.0,0.0,0.0
Q14,D0687,Class identity and distinctiveness,Engaging active rotation,0.0,0.0,0.0,0.0,0.0,0.0,0.15243583407111652
Q14,D0688,Engaging active rotation,"Hybrid roles, tanking, and damage",0.0672590948858179,0.024305915816026844,0.0,0.0345809766282503,0.01630990913661208,0.08007597994611389,0.0
Q14,D0689,"Hybrid roles, tanking, and damage",Engaging active rotation,0.0,0.0,0.0,0.0,0.0,0.0,0.0
Q14,D0690,APM and skill expression,Class identity and distinctiveness,0.0,0.01614062661405461,0.06976037423824048,0.0,0.002817150937360505,0.0,0.030721055412914252
Q14,D0691,Energy waiting and downtime,Engaging active rotation,0.003722487177656304,0.0019960694443164847,0.0,0.0,0.04915630636781722,0.018160490220029437,0.0
Q14,D0692,Engaging active rotation,Energy waiting and downtime,0.0,0.0,0.0,0.0,0.10355128260738987,0.11075038742001496,0.051291991596623024
Q14,D0693,"Hybrid roles, tanking, and damage",Engaging active rotation,0.17797139792659084,0.0,0.0,0.0,0.0,0.08620433553654167,0.0
Q14,D0694,Engaging active rotation,APM and skill expression,0.03541996958594703,0.0,0.09576919714985004,0.0,0.0,0.15173960916616244,0.0
Q14,D0695,"Hybrid roles, tanking, and damage",Engaging active rotation,0.06479162784389975,0.0,0.0,0.0,0.0031649958711128844,0.02199623496599955,0.018807583270249312
Q14,D0696,Energy waiting and downtime,Class identity and distinctiveness,0.008529120227785618,0.0,0.0,0.0,0.05175799304588025,0.0,0.017118589072016913
Q14,D0697,Engaging active rotation,Energy waiting and downtime,0.0,0.0,0.0,0.0,0.025507171620748004,0.17224550919964168,0.0
Q14,D0698,Class identity and distinctiveness,Energy waiting and downtime,0.0,0.0,0.0,0.0,0.05095311502733771,0.0,0.07878567889454613
Q14,D0699,"Hybrid roles, tanking, and damage",Class identity and distinctiveness,0.051946937405723564,0.0,0.0,0.0,0.0,0.0,0.022734597428491182
Q14,D0700,"Hybrid roles, tanking, and damage",Class identity and distinctiveness,0.004613029547888605,0.0,0.0,0.0,0.0,0.0,0.0
Q14,D0701,"Hybrid roles, tanking, and damage",Class identity and distinctiveness,0.06003508459933268,0.0,0.0,0.0,0.0,0.0,0.0
Q14,D0702,Class identity and distinctiveness,"Powershifting, engagement, and identity",0.025821919493960576,0.054176624759944225,0.0,0.0,0.0,0.0,0.058215488821185546
Q14,D0703,Energy waiting and downtime,"Hybrid roles, tanking, and damage",0.0015362129821829072,0.0,0.0,0.0,0.014470852981294087,0.0,0.0
Q14,D0704,Energy waiting and downtime,"Hybrid roles, tanking, and damage",0.0896001156932385,0.0,0.0,0.0,0.12016888996771626,0.0,0.0
Q14,D0705,"Hybrid roles, tanking, and damage","Powershifting, engagement, and identity",0.048761825763492944,0.04547691731117189,0.0,0.0,0.04480330053636114,0.0,0.0
Q14,D0706,"Powershifting, engagement, and identity","Hybrid roles, tanking, and damage",0.002269727487784988,0.03722568253019794,0.0,0.0,0.0,0.0,0.0
Q14,D0707,"Powershifting, engagement, and identity",Engaging active rotation,0.0,0.15706302216028908,0.0,0.0,0.0,0.09849463069349482,0.0
Q14,D0708,Class identity and distinctiveness,Engaging active rotation,0.0,0.0,0.0,0.0,0.0,0.0,0.08892524043584084
Q14,D0709,"Hybrid roles, tanking, and damage",Engaging active rotation,0.028028199582730264,0.0,0.0015757477052250589,0.0,0.0,0.02261390998133088,0.0
Q14,D0710,"Hybrid roles, tanking, and damage",Engaging active rotation,0.0,0.0,0.0,0.0,0.0,0.0,0.0
Q14,D0711,Class identity and distinctiveness,"Powershifting, engagement, and identity",0.012465667875827457,0.02139892433849403,0.0,0.0,0.0,0.0,0.06692541548514996
Q14,D0712,APM and skill expression,Slow or boring rotation,0.0,0.0,0.12128188464507965,0.1038404659329156,0.007671776858954042,0.0,0.019163029948153377
Q14,D0713,"Hybrid roles, tanking, and damage",Engaging active rotation,0.0,0.0,0.0,0.0,0.0,0.0,0.0
Q14,D0714,Engaging active rotation,"Hybrid roles, tanking, and damage",0.01285818931599592,0.0,0.0,0.0,0.0,0.02050540782939865,0.0
Q14,D0715,"Powershifting, engagement, and identity",Slow or boring rotation,0.005380364367482444,0.06264232649491702,0.0,0.05109817622812501,0.012756409277859895,0.0485001580647531,0.0
Q14,D0716,Class identity and distinctiveness,"Hybrid roles, tanking, and damage",0.031226900157615815,0.0,0.0,0.0,0.0,0.0,0.10571260662779726
Q14,D0717,Engaging active rotation,"Hybrid roles, tanking, and damage",0.010962157233139076,0.0,0.0,0.0,0.0,0.06440672961545563,0.0
Q14,D0718,"Hybrid roles, tanking, and damage",Class identity and distinctiveness,0.06038791824086646,0.0,0.0,0.0,0.0,0.0,0.0
Q14,D0719,"Hybrid roles, tanking, and damage",Engaging active rotation,0.0,0.0,0.0,0.0,0.0,0.0,0.0
Q14,D0720,Engaging active rotation,Energy waiting and downtime,0.0,0.0,0.0,0.0,0.0018032058010875322,0.05198048281935459,0.0
Q14,D0721,"Hybrid roles, tanking, and damage",Engaging active rotation,0.06986743810440357,0.0,0.0,0.0,0.0,0.05772898900400986,0.0
Q14,D0722,"Hybrid roles, tanking, and damage","Powershifting, engagement, and identity",0.06300954864629821,0.029706754599805686,0.0,0.0,0.0,0.0,0.0
Q14,D0723,Engaging active rotation,"Hybrid roles, tanking, and damage",0.05517301390509159,0.0,0.0,0.0,0.0,0.1065444620898127,0.0
Q14,D0724,"Powershifting, engagement, and identity","Hybrid roles, tanking, and damage",0.028927341427479013,0.053648879407691204,0.0,0.0,0.0,0.02515283661585253,0.024605941221852654
Q14,D0725,"Hybrid roles, tanking, and damage",Energy waiting and downtime,0.10210688633084775,0.011381326151713847,0.0,0.0,0.022101575902279378,0.0,0.007992530008267346
Q14,D0726,APM and skill expression,Slow or boring rotation,0.0,0.0,0.1631060714899992,0.14718574527726014,0.0,0.0,0.0
Q14,D0727,Class identity and distinctiveness,Energy waiting and downtime,0.01581707987309875,0.01730219586598197,0.0,0.0,0.06007909952838984,0.015256337782274707,0.11664532360139247
Q14,D0728,Class identity and distinctiveness,"Hybrid roles, tanking, and damage",0.035343764000158845,0.0,0.0,0.0,0.0,0.0,0.1035092468290571
Q14,D0729,Engaging active rotation,Class identity and distinctiveness,0.027601350372624543,0.0,0.0,0.0,0.0,0.1288383102197425,0.1206643067781477
Q14,D0730,"Powershifting, engagement, and identity",Class identity and distinctiveness,0.0,0.2266776235724397,0.0,0.0,0.0,0.0,0.0
Q14,D0731,"Hybrid roles, tanking, and damage",Energy waiting and downtime,0.010292820896620054,0.0,0.0,0.0,0.005676686878842588,0.0,0.0
Q14,D0732,Energy waiting and downtime,APM and skill expression,0.0,0.0,0.017375000428716782,0.0,0.07046961797810251,0.0,0.0
Q14,D0733,"Hybrid roles, tanking, and damage",Class identity and distinctiveness,0.01001219076996415,0.0,0.0,0.0,0.0,0.0,0.0
Q14,D0734,"Powershifting, engagement, and identity",APM and skill expression,0.0,0.0856017820583358,0.003633151806885145,0.0,0.0,0.0,0.0
Q14,D0735,APM and skill expression,"Hybrid roles, tanking, and damage",0.06916571049091455,0.0,0.1462385642714497,0.0,0.0,0.0,0.0
Q14,D0736,"Hybrid roles, tanking, and damage",Class identity and distinctiveness,0.016034370255008264,0.0,0.0,0.0,0.0,0.0,0.0
Q14,D0737,"Powershifting, engagement, and identity","Hybrid roles, tanking, and damage",2.6391152170839452e-05,0.05769298767914799,0.0,0.0,0.0,0.0,0.0
Q14,D0738,Energy waiting and downtime,"Powershifting, engagement, and identity",0.01758051148847222,0.036942859218423836,0.0,0.0,0.058346703148403414,0.0,0.0
Q14,D0739,"Hybrid roles, tanking, and damage",Energy waiting and downtime,0.02457048137674354,0.0,0.0,0.0,0.0072003791120889785,0.002823954405416848,0.0
Q14,D0740,"Powershifting, engagement, and identity","Hybrid roles, tanking, and damage",0.007606453047018117,0.03127403581881367,0.0,0.0,0.0020441934673177805,0.0,0.0
Q14,D0741,Engaging active rotation,"Hybrid roles, tanking, and damage",0.03203280034022406,0.0,0.0,0.0,0.00042252182390078595,0.053866188703971835,0.013264436454201186
Q14,D0742,"Hybrid roles, tanking, and damage",Class identity and distinctiveness,0.0790025112039031,0.0,0.0,0.0,0.0,0.0,0.0
Q14,D0743,Slow or boring rotation,Energy waiting and downtime,0.0,0.0,0.0,0.31537657397257224,0.02661118466703212,0.0,0.0
Q14,D0744,Class identity and distinctiveness,Energy waiting and downtime,0.005628837895662167,0.0,0.010827377904000623,0.00035361899787299977,0.020710747029294662,0.005187935795275669,0.038886186290766435
Q14,D0745,"Hybrid roles, tanking, and damage",Class identity and distinctiveness,0.03011714025489849,0.0,0.0,0.0,0.0,0.0,0.0
Q14,D0746,"Hybrid roles, tanking, and damage",Engaging active rotation,0.07048936018191655,0.03994931783976242,0.0,0.0,0.03408597122759898,0.043967316862765775,0.0
Q14,D0747,"Hybrid roles, tanking, and damage",Class identity and distinctiveness,0.04120620972387762,0.0,0.0,0.0,0.0,0.0,0.0
Q14,D0748,Energy waiting and downtime,Class identity and distinctiveness,0.0,0.0,0.0,0.0,0.18130200555775514,0.0,0.034288848064702
Q14,D0749,APM and skill expression,Class identity and distinctiveness,0.0,0.0,0.024082602201993653,0.0,0.0,0.0,0.0
Q14,D0750,Class identity and distinctiveness,Engaging active rotation,0.0,0.0,0.0,0.0,0.0,0.0,0.07051242677871102
Q14,D0751,"Hybrid roles, tanking, and damage",Engaging active rotation,0.04226143342619477,0.0,0.0,0.0,0.0,0.03644408772365342,0.0
Q14,D0752,"Hybrid roles, tanking, and damage",Engaging active rotation,0.03447489101385508,0.0,0.0,0.0,0.0,0.004281346887581735,0.0
Q14,D0753,Energy waiting and downtime,Engaging active rotation,0.0,0.0,0.0,0.0,0.19914646651059337,0.08174563731284765,0.0
Q14,D0754,"Hybrid roles, tanking, and damage",Engaging active rotation,0.0,0.0,0.0,0.0,0.0,0.0,0.0
Q14,D0755,"Hybrid roles, tanking, and damage",Class identity and distinctiveness,0.03618106546398361,0.0,0.0,0.0,0.0,0.0,0.031091858443882132
Q14,D0756,Class identity and distinctiveness,"Hybrid roles, tanking, and damage",0.011942811116873852,0.0,0.0,0.0,0.0,0.0,0.023789107970454075
Q14,D0757,Engaging active rotation,Energy waiting and downtime,0.0,0.0005407123200270161,0.0,0.0,0.005987758081791583,0.05584389610305674,0.0
Q14,D0758,"Hybrid roles, tanking, and damage",Class identity and distinctiveness,0.03720796608456942,0.0,0.0,0.0,0.0,0.0,0.0
